acc,auc,sensitivity,specificity
0.7916666666666666,0.6877192982456141,1.0,0.0
0.8857142857142857,0.6754032258064516,1.0,0.0
0.8115942028985508,0.5741758241758241,1.0,0.0
0.7971014492753623,0.5051948051948052,1.0,0.0
0.8405797101449275,0.42006269592476486,1.0,0.0
0.8253312629399586,0.5725111698694919,1.0,0.0
