acc,auc,sensitivity,specificity
0.5625,0.9873203719357565,0.0,1.0
0.5714285714285714,0.9672017439556084,0.0,1.0
0.539906103286385,0.9309671694764863,0.0,1.0
0.5422885572139303,0.96888711607499,0.0,1.0
0.5714285714285714,0.9668367346938775,0.0,1.0
0.5575103606714917,0.9642426272273437,0.0,1.0
