acc,auc,sensitivity,specificity
0.7243589743589743,0.4599711874871373,0.0,1.0
0.7435897435897436,0.6467672413793103,0.0,1.0
0.7307692307692307,0.7441520467836258,0.0,1.0
0.7115384615384616,0.6644644644644644,0.0,1.0
0.7435897435897436,0.6596982758620689,0.0,1.0
0.7307692307692308,0.6350106431953213,0.0,1.0
