acc,auc,sensitivity,specificity
0.6057692307692307,0.6715506715506715,0.21978021978021978,0.905982905982906
0.6551724137931034,0.6887633769322234,0.42528735632183906,0.8275862068965517
0.5586854460093896,0.5730257320319433,0.35714285714285715,0.7304347826086957
0.6169154228855721,0.7149980055843638,0.1956521739130435,0.9724770642201835
0.6581632653061225,0.7329931972789115,0.3333333333333333,0.9017857142857143
0.6189411557526836,0.6762661966756227,0.30623918809825856,0.8676533347988101
