acc,auc,sensitivity,specificity
0.8333333333333334,0.6982456140350877,0.9649122807017544,0.3333333333333333
0.8857142857142857,0.7701612903225807,1.0,0.0
0.8115942028985508,0.7499999999999999,1.0,0.0
0.7971014492753623,0.6779220779220778,0.9818181818181818,0.07142857142857142
0.8405797101449275,0.7272727272727272,0.9827586206896551,0.09090909090909091
0.833664596273292,0.7247203419104946,0.9858978166419183,0.09913419913419914
