acc,auc,sensitivity,specificity
0.5625,0.9915469146238377,0.0,1.0
0.5714285714285714,0.9524375743162902,0.0,1.0
0.539906103286385,0.938243123336291,0.0,1.0
0.5422885572139303,0.961806940566414,0.0,1.0
0.5714285714285714,0.9591836734693878,0.0,1.0
0.5575103606714917,0.9606436452624442,0.0,1.0
