acc,auc,sensitivity,specificity
0.5625,0.9922043768197615,0.0,1.0
0.5714285714285714,0.9596710265556877,0.0,1.0
0.539906103286385,0.9336291038154392,0.0,1.0
0.5422885572139303,0.9649980055843638,0.0,1.0
0.5714285714285714,0.9605654761904762,0.0,1.0
0.5575103606714917,0.9622135977931456,0.0,1.0
