acc,auc,sensitivity,specificity
0.9567307692307693,0.9949281487743026,0.9560439560439561,0.9572649572649573
0.8916256157635468,0.963337296868807,0.9425287356321839,0.853448275862069
0.8262910798122066,0.9162377994676131,0.8061224489795918,0.8434782608695652
0.8855721393034826,0.9553250897487037,0.9130434782608695,0.8623853211009175
0.8367346938775511,0.9173044217687075,0.75,0.9017857142857143
0.8793908595975113,0.9494265513256268,0.8735477237833204,0.8836725058766447
