acc,auc,sensitivity,specificity
0.7916666666666666,0.4631578947368421,1.0,0.0
0.8857142857142857,0.627016129032258,1.0,0.0
0.8115942028985508,0.6456043956043956,1.0,0.0
0.7971014492753623,0.6012987012987012,1.0,0.0
0.8405797101449275,0.6144200626959249,1.0,0.0
0.8253312629399586,0.5902994366736244,1.0,0.0
