acc,auc,sensitivity,specificity
0.7243589743589743,0.46120600946696855,0.0,1.0
0.7435897435897436,0.6411637931034484,0.0,1.0
0.7307692307692307,0.7428989139515456,0.0,1.0
0.7115384615384616,0.6818818818818819,0.0,1.0
0.7435897435897436,0.6515086206896551,0.0,1.0
0.7307692307692308,0.6357318438186998,0.0,1.0
