acc,auc,sensitivity,specificity
0.7243589743589743,0.930232558139535,0.0,1.0
0.7435897435897436,0.8206896551724137,0.0,1.0
0.7307692307692307,0.9314954051796156,0.0,1.0
0.7115384615384616,0.9443443443443443,0.0,1.0
0.7435897435897436,0.93125,0.0,1.0
0.7307692307692308,0.9116023925671817,0.0,1.0
