acc,auc,sensitivity,specificity
0.7163461538461539,0.7995679534141072,0.6263736263736264,0.7863247863247863
0.7241379310344828,0.786464526357511,0.735632183908046,0.7155172413793104
0.6948356807511737,0.757941437444543,0.6020408163265306,0.7739130434782608
0.7164179104477612,0.7940765855604308,0.6630434782608695,0.7614678899082569
0.75,0.8205782312925171,0.6904761904761905,0.7946428571428571
0.7203475352159143,0.7917257468138218,0.6635132590690527,0.7663731636466944
