acc,auc,sensitivity,specificity
0.7916666666666666,0.45380116959064326,1.0,0.0
0.8857142857142857,0.7741935483870968,1.0,0.0
0.8115942028985508,0.45604395604395603,1.0,0.0
0.7971014492753623,0.5025974025974026,1.0,0.0
0.8405797101449275,0.46238244514106586,1.0,0.0
0.8253312629399586,0.529803704352033,1.0,0.0
