acc,auc,sensitivity,specificity
0.7916666666666666,0.5029239766081871,1.0,0.0
0.8857142857142857,0.7056451612903225,1.0,0.0
0.8115942028985508,0.6098901098901099,1.0,0.0
0.7971014492753623,0.6805194805194805,1.0,0.0
0.8405797101449275,0.6661442006269592,1.0,0.0
0.8253312629399586,0.6330245857870118,1.0,0.0
