acc,auc,sensitivity,specificity
0.9615384615384616,0.9926739926739927,0.9340659340659341,0.9829059829059829
0.9064039408866995,0.9673008323424495,0.9310344827586207,0.8879310344827587
0.8497652582159625,0.9236024844720497,0.826530612244898,0.8695652173913043
0.8805970149253731,0.9391703230953331,0.9239130434782609,0.8440366972477065
0.8571428571428571,0.9349489795918368,0.9047619047619048,0.8214285714285714
0.8910895065418707,0.9515393224351323,0.9040611954619238,0.8811735006912647
