acc,auc,sensitivity,specificity
0.7243589743589743,0.7441860465116279,0.0,1.0
0.7628205128205128,0.7754310344827586,0.075,1.0
0.7564102564102564,0.8423141186299081,0.09523809523809523,1.0
0.7115384615384616,0.8378378378378378,0.0,1.0
0.7756410256410257,0.8219827586206896,0.125,1.0
0.7461538461538462,0.8043503592165644,0.05904761904761905,1.0
