acc,auc,sensitivity,specificity
0.6394230769230769,0.7668826899596131,0.24175824175824176,0.9487179487179487
0.6502463054187192,0.7113555291319857,0.367816091954023,0.8620689655172413
0.568075117370892,0.5725820763087844,0.30612244897959184,0.7913043478260869
0.5920398009950248,0.6554646988432389,0.21739130434782608,0.908256880733945
0.6683673469387755,0.739158163265306,0.2619047619047619,0.9732142857142857
0.6236303295292976,0.6890886315017856,0.27899856978888893,0.8967124857019015
