acc,auc,sensitivity,specificity
0.7777777777777778,0.6771929824561403,0.8947368421052632,0.3333333333333333
0.8857142857142857,0.719758064516129,0.967741935483871,0.25
0.7971014492753623,0.7376373626373626,0.9285714285714286,0.23076923076923078
0.7681159420289855,0.5753246753246753,0.8909090909090909,0.2857142857142857
0.8695652173913043,0.7288401253918495,0.9482758620689655,0.45454545454545453
0.819654934437543,0.6877506420652313,0.9260470318277237,0.3108724608724609
