acc,auc,sensitivity,specificity
0.7916666666666666,0.49122807017543857,1.0,0.0
0.8857142857142857,0.3306451612903226,1.0,0.0
0.8115942028985508,0.5508241758241759,1.0,0.0
0.7971014492753623,0.4675324675324675,1.0,0.0
0.8405797101449275,0.5658307210031348,1.0,0.0
0.8253312629399586,0.48121211916510787,1.0,0.0
