acc,auc,sensitivity,specificity
0.20833333333333334,0.7789473684210526,0.0,1.0
0.11428571428571428,0.8508064516129032,0.0,1.0
0.18840579710144928,0.5796703296703296,0.0,1.0
0.2028985507246377,0.6168831168831168,0.0,1.0
0.15942028985507245,0.683385579937304,0.0,1.0
0.1746687370600414,0.7019385693049414,0.0,1.0
