acc,auc,sensitivity,specificity
0.7243589743589743,0.931261576456061,0.0,1.0
0.7435897435897436,0.9230603448275863,0.0,1.0
0.7307692307692307,0.9484126984126984,0.0,1.0
0.7115384615384616,0.9193193193193193,0.0,1.0
0.7435897435897436,0.9232758620689655,0.0,1.0
0.7307692307692308,0.9290659602169262,0.0,1.0
