acc,auc,sensitivity,specificity
0.7243589743589743,0.6717431570281951,0.0,1.0
0.7435897435897436,0.7051724137931036,0.0,1.0
0.7371794871794872,0.7422723475355054,0.023809523809523808,1.0
0.717948717948718,0.6990990990990991,0.022222222222222223,1.0
0.75,0.735991379310345,0.025,1.0
0.7346153846153847,0.7108556793532497,0.014206349206349205,1.0
