acc,auc,sensitivity,specificity
0.8782051282051282,0.9289977361597036,0.7441860465116279,0.9292035398230089
0.8846153846153846,0.940301724137931,0.65,0.9655172413793104
0.8653846153846154,0.9517543859649122,0.7857142857142857,0.8947368421052632
0.9230769230769231,0.9625625625625627,0.8,0.972972972972973
0.8974358974358975,0.9230603448275861,0.85,0.9137931034482759
0.8897435897435898,0.9413353507305391,0.7659800664451827,0.9352447399457663
