acc,auc,sensitivity,specificity
0.7371794871794872,0.6682444947520066,0.18604651162790697,0.9469026548672567
0.75,0.7058189655172413,0.075,0.9827586206896551
0.75,0.7583542188805347,0.23809523809523808,0.9385964912280702
0.7435897435897436,0.7355355355355355,0.2,0.963963963963964
0.7756410256410257,0.7543103448275863,0.225,0.9655172413793104
0.7512820512820513,0.724452711902581,0.18482834994462902,0.9595477944256512
