acc,auc,sensitivity,specificity
0.5625,0.9901380670611439,0.0,1.0
0.5714285714285714,0.9726516052318668,0.0,1.0
0.539906103286385,0.9345164152617569,0.0,1.0
0.5422885572139303,0.9634024730753888,0.0,1.0
0.5714285714285714,0.9526998299319728,0.0,1.0
0.5575103606714917,0.9626816781124259,0.0,1.0
