acc,auc,sensitivity,specificity
0.5625,0.9908894524279139,0.0,1.0
0.5714285714285714,0.9610582639714627,0.0,1.0
0.539906103286385,0.9327417923691215,0.0,1.0
0.5422885572139303,0.9636019146390107,0.0,1.0
0.5714285714285714,0.9604591836734695,0.0,1.0
0.5575103606714917,0.9617501214161956,0.0,1.0
