acc,auc,sensitivity,specificity
0.7243589743589743,0.6908828977155793,0.0,1.0
0.75,0.6855603448275862,0.025,1.0
0.7564102564102564,0.7600250626566415,0.09523809523809523,1.0
0.7243589743589743,0.7051051051051052,0.044444444444444446,1.0
0.7435897435897436,0.7487068965517241,0.0,1.0
0.7397435897435898,0.7180560613713272,0.03293650793650794,1.0
