acc,auc,sensitivity,specificity
0.7916666666666666,0.6736842105263158,1.0,0.0
0.8857142857142857,0.6108870967741935,1.0,0.0
0.8115942028985508,0.8008241758241759,1.0,0.0
0.7971014492753623,0.6259740259740261,1.0,0.0
0.8405797101449275,0.6504702194357367,1.0,0.0
0.8253312629399586,0.6723679457068895,1.0,0.0
