acc,auc,sensitivity,specificity
0.7243589743589743,0.93043836180284,0.0,1.0
0.7435897435897436,0.9185344827586207,0.0,1.0
0.7307692307692307,0.9431913116123642,0.0,1.0
0.7115384615384616,0.9511511511511511,0.0,1.0
0.7435897435897436,0.9316810344827586,0.0,1.0
0.7307692307692308,0.9349992683615469,0.0,1.0
