acc,auc,sensitivity,specificity
0.75,0.7057007614735542,0.2558139534883721,0.9380530973451328
0.7884615384615384,0.7282327586206896,0.3,0.9568965517241379
0.8012820512820513,0.7932330827067668,0.47619047619047616,0.9210526315789473
0.782051282051282,0.8432432432432433,0.28888888888888886,0.9819819819819819
0.7884615384615384,0.7265086206896552,0.325,0.9482758620689655
0.7820512820512819,0.7593836933467818,0.32917866371354737,0.9492520249398331
