acc,auc,sensitivity,specificity
0.7916666666666666,0.4888888888888888,1.0,0.0
0.8857142857142857,0.2338709677419355,1.0,0.0
0.8115942028985508,0.5357142857142857,1.0,0.0
0.7971014492753623,0.4753246753246753,1.0,0.0
0.8405797101449275,0.4216300940438871,1.0,0.0
0.8253312629399586,0.43108578234273454,1.0,0.0
