acc,auc,sensitivity,specificity
0.20833333333333334,0.7777777777777778,0.0,1.0
0.11428571428571428,0.754032258064516,0.0,1.0
0.18840579710144928,0.7884615384615384,0.0,1.0
0.2028985507246377,0.6532467532467532,0.0,1.0
0.15942028985507245,0.7821316614420064,0.0,1.0
0.1746687370600414,0.7511299977985184,0.0,1.0
