acc,auc,sensitivity,specificity
0.75,0.6847087878164232,0.11627906976744186,0.9911504424778761
0.7628205128205128,0.6784482758620689,0.1,0.9913793103448276
0.7243589743589743,0.7913533834586466,0.07142857142857142,0.9649122807017544
0.7628205128205128,0.8078078078078078,0.17777777777777778,1.0
0.7371794871794872,0.6420258620689654,0.075,0.9655172413793104
0.7474358974358974,0.7208688234027824,0.10809708379475821,0.9825918549807536
