acc,auc,sensitivity,specificity
0.20833333333333334,0.791812865497076,0.0,1.0
0.11428571428571428,0.752016129032258,0.0,1.0
0.18840579710144928,0.6881868131868132,0.0,1.0
0.2028985507246377,0.6909090909090909,0.0,1.0
0.15942028985507245,0.7664576802507836,0.0,1.0
0.1746687370600414,0.7378765157752043,0.0,1.0
