acc,auc,sensitivity,specificity
0.7307692307692307,0.8021978021978021,0.6153846153846154,0.8205128205128205
0.7044334975369458,0.8022195798652398,0.6781609195402298,0.7241379310344828
0.6901408450704225,0.7544809228039042,0.5816326530612245,0.782608695652174
0.7114427860696517,0.7934782608695652,0.6739130434782609,0.7431192660550459
0.7193877551020408,0.8169642857142857,0.7142857142857143,0.7232142857142857
0.7112348229096582,0.7938681702901593,0.652675389150009,0.7587185997937617
