acc,auc,sensitivity,specificity
0.5625,0.9364140133370904,0.0,1.0
0.5714285714285714,0.8976416963931827,0.0,1.0
0.539906103286385,0.8204081632653062,0.0,1.0
0.5422885572139303,0.8289788591942561,0.0,1.0
0.5714285714285714,0.8627763605442178,0.0,1.0
0.5575103606714917,0.8692438185468105,0.0,1.0
