acc,auc,sensitivity,specificity
0.20833333333333334,0.6654970760233918,0.0,1.0
0.11428571428571428,0.5967741935483871,0.0,1.0
0.18840579710144928,0.35439560439560436,0.0,1.0
0.2028985507246377,0.6064935064935064,0.0,1.0
0.15942028985507245,0.5658307210031348,0.0,1.0
0.1746687370600414,0.5577982202928048,0.0,1.0
