acc,auc,sensitivity,specificity
0.7916666666666666,0.5485380116959064,1.0,0.0
0.8857142857142857,0.44959677419354843,1.0,0.0
0.8115942028985508,0.4752747252747253,1.0,0.0
0.7971014492753623,0.5168831168831168,1.0,0.0
0.8405797101449275,0.5658307210031348,1.0,0.0
0.8253312629399586,0.5112246698100863,1.0,0.0
