acc,auc,sensitivity,specificity
0.75,0.6830409356725146,0.8421052631578947,0.4
0.8428571428571429,0.6975806451612904,0.9193548387096774,0.25
0.8695652173913043,0.7939560439560439,0.9821428571428571,0.38461538461538464
0.7971014492753623,0.6584415584415584,0.9272727272727272,0.2857142857142857
0.8405797101449275,0.7366771159874609,0.9137931034482759,0.45454545454545453
0.8200207039337475,0.7139392598437736,0.9169337579462866,0.35497502497502503
