acc,auc,sensitivity,specificity
0.20833333333333334,0.664327485380117,0.0,1.0
0.11428571428571428,0.5846774193548386,0.0,1.0
0.18840579710144928,0.35851648351648346,0.0,1.0
0.2028985507246377,0.6103896103896103,0.0,1.0
0.15942028985507245,0.5595611285266457,0.0,1.0
0.1746687370600414,0.5554944254335391,0.0,1.0
