acc,auc,sensitivity,specificity
0.5625,0.9732318963088193,0.0,1.0
0.5714285714285714,0.9750297265160524,0.0,1.0
0.539906103286385,0.9157054125998225,0.0,1.0
0.5422885572139303,0.9719784603111288,0.0,1.0
0.5714285714285714,0.9491921768707483,0.0,1.0
0.5575103606714917,0.9570275345213142,0.0,1.0
