acc,auc,sensitivity,specificity
0.5625,0.9933314548699165,0.0,1.0
0.5714285714285714,0.9608600871977804,0.0,1.0
0.539906103286385,0.9280390417036379,0.0,1.0
0.5422885572139303,0.9682887913841244,0.0,1.0
0.5714285714285714,0.9639668367346939,0.0,1.0
0.5575103606714917,0.9628972423780306,0.0,1.0
