acc,auc,sensitivity,specificity
0.8055555555555556,0.7204678362573099,0.9298245614035088,0.3333333333333333
0.8857142857142857,0.7217741935483871,1.0,0.0
0.8115942028985508,0.7733516483516483,1.0,0.0
0.782608695652174,0.6935064935064934,0.9636363636363636,0.07142857142857142
0.855072463768116,0.7398119122257053,0.9655172413793104,0.2727272727272727
0.8281090407177365,0.7297824167779089,0.9717956332838366,0.1354978354978355
