acc,auc,sensitivity,specificity
0.7435897435897436,0.7359538999794196,0.06976744186046512,1.0
0.7756410256410257,0.7719827586206895,0.125,1.0
0.75,0.8364661654135338,0.07142857142857142,1.0
0.717948717948718,0.8558558558558559,0.022222222222222223,1.0
0.7756410256410257,0.8306034482758621,0.125,1.0
0.7525641025641026,0.8061724256290722,0.08268364710225175,1.0
