acc,auc,sensitivity,specificity
0.7243589743589743,0.9232352335871579,0.0,1.0
0.7435897435897436,0.909698275862069,0.0,1.0
0.7307692307692307,0.9527986633249792,0.0,1.0
0.7115384615384616,0.9259259259259259,0.0,1.0
0.7435897435897436,0.9392241379310344,0.0,1.0
0.7307692307692308,0.9301764473262333,0.0,1.0
