acc,auc,sensitivity,specificity
0.5625,0.9876021414482953,0.0,1.0
0.5714285714285714,0.9533293697978598,0.0,1.0
0.539906103286385,0.932209405501331,0.0,1.0
0.5422885572139303,0.9566214599122458,0.0,1.0
0.5714285714285714,0.9598214285714286,0.0,1.0
0.5575103606714917,0.957916761046232,0.0,1.0
