acc,auc,sensitivity,specificity
0.6153846153846154,0.7135343289189443,0.26373626373626374,0.8888888888888888
0.6699507389162561,0.7305786761791517,0.42528735632183906,0.853448275862069
0.5727699530516432,0.6222715173025732,0.2653061224489796,0.8347826086956521
0.6268656716417911,0.672417231751097,0.2391304347826087,0.9541284403669725
0.673469387755102,0.722045068027211,0.38095238095238093,0.8928571428571429
0.6316880733498815,0.6921693644357955,0.3148825116484144,0.8848210713341451
