acc,auc,sensitivity,specificity
0.7243589743589743,0.9310557727927556,0.0,1.0
0.7435897435897436,0.9204741379310345,0.0,1.0
0.7307692307692307,0.9114452798663324,0.0,1.0
0.7115384615384616,0.9421421421421422,0.0,1.0
0.7435897435897436,0.9224137931034482,0.0,1.0
0.7307692307692308,0.9255062251671425,0.0,1.0
