acc,auc,sensitivity,specificity
0.7916666666666666,0.591812865497076,1.0,0.0
0.8857142857142857,0.7056451612903225,1.0,0.0
0.8115942028985508,0.6785714285714286,1.0,0.0
0.7971014492753623,0.5506493506493506,1.0,0.0
0.8405797101449275,0.6050156739811912,1.0,0.0
0.8253312629399586,0.6263388959978738,1.0,0.0
