acc,auc,sensitivity,specificity
0.20833333333333334,0.7602339181286549,0.0,1.0
0.11428571428571428,0.6955645161290323,0.0,1.0
0.18840579710144928,0.7019230769230769,0.0,1.0
0.2028985507246377,0.6610389610389611,0.0,1.0
0.15942028985507245,0.7617554858934169,0.0,1.0
0.1746687370600414,0.7161031916226284,0.0,1.0
