acc,auc,sensitivity,specificity
0.782051282051282,0.7485079234410371,0.3023255813953488,0.9646017699115044
0.8076923076923077,0.755603448275862,0.425,0.9396551724137931
0.8461538461538461,0.8404344193817879,0.5238095238095238,0.9649122807017544
0.8012820512820513,0.8584584584584584,0.37777777777777777,0.972972972972973
0.8205128205128205,0.8275862068965517,0.475,0.9396551724137931
0.8115384615384615,0.8061180912907394,0.42078257659653007,0.9563594736827635
