acc,auc,sensitivity,specificity
0.6682692307692307,0.7151310228233305,0.3516483516483517,0.9145299145299145
0.6059113300492611,0.5802615933412604,0.3793103448275862,0.7758620689655172
0.5727699530516432,0.572315882874889,0.30612244897959184,0.8
0.6119402985074627,0.5942361388113282,0.25,0.9174311926605505
0.6428571428571429,0.6893069727891157,0.3333333333333333,0.875
0.6203495910469481,0.6302503221279847,0.32408289575777255,0.8565646352311964
