acc,auc,sensitivity,specificity
0.7916666666666666,0.7087719298245614,1.0,0.0
0.8857142857142857,0.778225806451613,1.0,0.0
0.8115942028985508,0.5673076923076923,1.0,0.0
0.7971014492753623,0.6090909090909091,1.0,0.0
0.8405797101449275,0.46865203761755486,1.0,0.0
0.8253312629399586,0.6264096750584661,1.0,0.0
