acc,auc,sensitivity,specificity
0.7243589743589743,0.9121218357686767,0.0,1.0
0.7435897435897436,0.8762931034482758,0.0,1.0
0.7307692307692307,0.9335839598997494,0.0,1.0
0.7115384615384616,0.9553553553553553,0.0,1.0
0.7435897435897436,0.9258620689655171,0.0,1.0
0.7307692307692308,0.9206432646875149,0.0,1.0
