acc,auc,sensitivity,specificity
0.7243589743589743,0.9327022020991973,0.0,1.0
0.7435897435897436,0.9456896551724138,0.0,1.0
0.7307692307692307,0.9523809523809523,0.0,1.0
0.7115384615384616,0.9475475475475474,0.0,1.0
0.7435897435897436,0.9234913793103449,0.0,1.0
0.7307692307692308,0.9403623473020911,0.0,1.0
