acc,auc,sensitivity,specificity
0.7916666666666666,0.6035087719298246,1.0,0.0
0.8857142857142857,0.6411290322580645,1.0,0.0
0.8115942028985508,0.5137362637362638,1.0,0.0
0.7971014492753623,0.4623376623376624,1.0,0.0
0.8405797101449275,0.45141065830721,1.0,0.0
0.8253312629399586,0.5344244777138051,1.0,0.0
