acc,auc,sensitivity,specificity
0.7243589743589743,0.46264663511010495,0.0,1.0
0.7435897435897436,0.6441810344827587,0.0,1.0
0.7307692307692307,0.7253550543024226,0.0,1.0
0.7115384615384616,0.6790790790790792,0.0,1.0
0.7435897435897436,0.6700431034482758,0.0,1.0
0.7307692307692308,0.6362609812845282,0.0,1.0
