acc,auc,sensitivity,specificity
0.20833333333333334,0.7192982456140351,0.0,1.0
0.11428571428571428,0.6491935483870968,0.0,1.0
0.18840579710144928,0.6579670329670328,0.0,1.0
0.2028985507246377,0.6727272727272727,0.0,1.0
0.15942028985507245,0.7288401253918495,0.0,1.0
0.1746687370600414,0.6856052450174575,0.0,1.0
