acc,auc,sensitivity,specificity
0.7916666666666666,0.6444444444444445,1.0,0.0
0.8857142857142857,0.7540322580645161,1.0,0.0
0.8115942028985508,0.4464285714285714,1.0,0.0
0.7971014492753623,0.6610389610389611,1.0,0.0
0.8405797101449275,0.6300940438871473,1.0,0.0
0.8253312629399586,0.6272076557727281,1.0,0.0
