acc,auc,sensitivity,specificity
0.7243589743589743,0.9279687178431776,0.0,1.0
0.7435897435897436,0.9217672413793103,0.0,1.0
0.7307692307692307,0.9400584795321637,0.0,1.0
0.7115384615384616,0.9395395395395395,0.0,1.0
0.7435897435897436,0.9265086206896551,0.0,1.0
0.7307692307692308,0.9311685197967693,0.0,1.0
