acc,auc,sensitivity,specificity
0.7243589743589743,0.9222062152706318,0.0,1.0
0.7435897435897436,0.8875,0.0,1.0
0.7307692307692307,0.9496658312447785,0.0,1.0
0.7115384615384616,0.909109109109109,0.0,1.0
0.7435897435897436,0.9366379310344828,0.0,1.0
0.7307692307692308,0.9210238173318004,0.0,1.0
