acc,auc,sensitivity,specificity
0.8012820512820513,0.7581806956163819,0.37209302325581395,0.9646017699115044
0.8269230769230769,0.7650862068965517,0.425,0.9655172413793104
0.8141025641025641,0.8180868838763576,0.38095238095238093,0.9736842105263158
0.7948717948717948,0.8596596596596596,0.37777777777777777,0.963963963963964
0.8269230769230769,0.8452586206896552,0.5,0.9396551724137931
0.8128205128205128,0.8092544133477212,0.4111646363971945,0.9614844716389775
