acc,auc,sensitivity,specificity
0.7916666666666666,0.495906432748538,1.0,0.0
0.8857142857142857,0.3165322580645161,1.0,0.0
0.8115942028985508,0.5769230769230769,1.0,0.0
0.7971014492753623,0.509090909090909,1.0,0.0
0.8405797101449275,0.5971786833855799,1.0,0.0
0.8253312629399586,0.499126272042524,1.0,0.0
