acc,auc,sensitivity,specificity
0.7628205128205128,0.7322494340399259,0.23255813953488372,0.9646017699115044
0.7692307692307693,0.7165948275862069,0.2,0.9655172413793104
0.7884615384615384,0.7921888053467,0.2857142857142857,0.9736842105263158
0.8269230769230769,0.8714714714714714,0.4666666666666667,0.972972972972973
0.8012820512820513,0.8144396551724138,0.3,0.9741379310344828
0.7897435897435896,0.7853888387233436,0.29698781838316723,0.9701828251649174
