acc,auc,sensitivity,specificity
0.20833333333333334,0.735672514619883,0.0,1.0
0.11428571428571428,0.8044354838709676,0.0,1.0
0.18840579710144928,0.6236263736263736,0.0,1.0
0.2028985507246377,0.6246753246753247,0.0,1.0
0.15942028985507245,0.6974921630094044,0.0,1.0
0.1746687370600414,0.6971803719603906,0.0,1.0
