acc,auc,sensitivity,specificity
0.5625,0.991265145111299,0.0,1.0
0.5714285714285714,0.9606619104240983,0.0,1.0
0.539906103286385,0.928748890860692,0.0,1.0
0.5422885572139303,0.9641005185480654,0.0,1.0
0.5714285714285714,0.9595025510204083,0.0,1.0
0.5575103606714917,0.9608558031929126,0.0,1.0
