acc,auc,sensitivity,specificity
0.20833333333333334,0.7485380116959064,0.0,1.0
0.11428571428571428,0.8548387096774194,0.0,1.0
0.18840579710144928,0.5975274725274726,0.0,1.0
0.2028985507246377,0.6844155844155844,0.0,1.0
0.15942028985507245,0.7742946708463949,0.0,1.0
0.1746687370600414,0.7319228898325555,0.0,1.0
