acc,auc,sensitivity,specificity
0.7243589743589743,0.9337312204157234,0.0,1.0
0.7435897435897436,0.9456896551724139,0.0,1.0
0.7307692307692307,0.9390142021720967,0.0,1.0
0.7115384615384616,0.9569569569569569,0.0,1.0
0.7435897435897436,0.9206896551724139,0.0,1.0
0.7307692307692308,0.9392163379779209,0.0,1.0
