acc,auc,sensitivity,specificity
0.20833333333333334,0.7637426900584794,0.0,1.0
0.11428571428571428,0.6814516129032258,0.0,1.0
0.18840579710144928,0.6964285714285714,0.0,1.0
0.2028985507246377,0.6428571428571429,0.0,1.0
0.15942028985507245,0.7570532915360502,0.0,1.0
0.1746687370600414,0.7083066617566939,0.0,1.0
