acc,auc,sensitivity,specificity
0.8076923076923077,0.7664128421485903,0.4186046511627907,0.9557522123893806
0.8205128205128205,0.7780172413793103,0.4,0.9655172413793104
0.8333333333333334,0.83375104427736,0.42857142857142855,0.9824561403508771
0.8012820512820513,0.8588588588588589,0.37777777777777777,0.972972972972973
0.7884615384615384,0.8241379310344829,0.375,0.9310344827586207
0.8102564102564103,0.8122355835397205,0.3999907715023994,0.9615466099702324
