acc,auc,sensitivity,specificity
0.6634615384615384,0.708462477693247,0.32967032967032966,0.9230769230769231
0.6059113300492611,0.5771898533491875,0.3333333333333333,0.8103448275862069
0.568075117370892,0.5888198757763975,0.25510204081632654,0.8347826086956521
0.6268656716417911,0.5910450737933786,0.358695652173913,0.8532110091743119
0.6479591836734694,0.6943027210884355,0.32142857142857145,0.8928571428571429
0.6224545682393904,0.6319640003401293,0.3196459854844948,0.8628545022780474
