acc,auc,sensitivity,specificity
0.20833333333333334,0.7309941520467836,0.0,1.0
0.11428571428571428,0.6411290322580645,0.0,1.0
0.18840579710144928,0.6648351648351648,0.0,1.0
0.2028985507246377,0.6337662337662338,0.0,1.0
0.15942028985507245,0.7366771159874608,0.0,1.0
0.1746687370600414,0.6814803397787415,0.0,1.0
