acc,auc,sensitivity,specificity
0.7371794871794872,0.7458324758180696,0.046511627906976744,1.0
0.7628205128205128,0.7642241379310344,0.075,1.0
0.75,0.8548454469507102,0.07142857142857142,1.0
0.717948717948718,0.8540540540540541,0.022222222222222223,1.0
0.7756410256410257,0.8306034482758621,0.125,1.0
0.7487179487179487,0.8099119126059462,0.06803248431155409,1.0
