acc,auc,sensitivity,specificity
0.7916666666666666,0.5321637426900585,1.0,0.0
0.8857142857142857,0.39314516129032256,1.0,0.0
0.8115942028985508,0.5576923076923077,1.0,0.0
0.7971014492753623,0.4766233766233766,1.0,0.0
0.8405797101449275,0.5642633228840126,1.0,0.0
0.8253312629399586,0.5047775822360157,1.0,0.0
