acc,auc,sensitivity,specificity
0.9663461538461539,0.9914529914529915,0.967032967032967,0.9658119658119658
0.8817733990147784,0.9611573523583036,0.9310344827586207,0.8448275862068966
0.8544600938967136,0.9243123336291039,0.8367346938775511,0.8695652173913043
0.8805970149253731,0.9570203430394894,0.9021739130434783,0.8623853211009175
0.8673469387755102,0.9447278911564626,0.8690476190476191,0.8660714285714286
0.8901047200917059,0.95573418232727,0.9012047351520472,0.8817323038165025
