acc,auc,sensitivity,specificity
0.8413461538461539,0.930590776744623,0.7912087912087912,0.8803418803418803
0.7487684729064039,0.8113357114546175,0.8160919540229885,0.6982758620689655
0.6619718309859155,0.7507542147293701,0.6020408163265306,0.7130434782608696
0.7313432835820896,0.810729956122856,0.6739130434782609,0.7798165137614679
0.7755102040816326,0.8196215986394558,0.7619047619047619,0.7857142857142857
0.7517879890804391,0.8246064515381845,0.7290318733882666,0.7714384040294938
