acc,auc,sensitivity,specificity
0.5625,0.9914529914529915,0.0,1.0
0.5714285714285714,0.9525366627031313,0.0,1.0
0.539906103286385,0.9378881987577639,0.0,1.0
0.5422885572139303,0.9605105704028719,0.0,1.0
0.5714285714285714,0.9664115646258503,0.0,1.0
0.5575103606714917,0.9617599975885216,0.0,1.0
