acc,auc,sensitivity,specificity
0.7916666666666666,0.4444444444444444,1.0,0.0
0.8857142857142857,0.7641129032258065,1.0,0.0
0.8115942028985508,0.5178571428571428,1.0,0.0
0.7971014492753623,0.561038961038961,1.0,0.0
0.8405797101449275,0.6614420062695925,1.0,0.0
0.8253312629399586,0.5897790915671894,1.0,0.0
