acc,auc,sensitivity,specificity
0.8846153846153846,0.9287919324963985,0.7441860465116279,0.9380530973451328
0.8717948717948718,0.9336206896551724,0.55,0.9827586206896551
0.8846153846153846,0.9617794486215538,0.7142857142857143,0.9473684210526315
0.9423076923076923,0.9729729729729729,0.8,1.0
0.8910256410256411,0.9206896551724137,0.75,0.9396551724137931
0.8948717948717949,0.9435709397837023,0.7116943521594685,0.9615670623002426
