acc,auc,sensitivity,specificity
0.7243589743589743,0.9405227413047952,0.0,1.0
0.7435897435897436,0.9047413793103448,0.0,1.0
0.7307692307692307,0.9218880534670009,0.0,1.0
0.7115384615384616,0.9477477477477477,0.0,1.0
0.7435897435897436,0.9334051724137931,0.0,1.0
0.7307692307692308,0.9296610188487364,0.0,1.0
