acc,auc,sensitivity,specificity
0.7243589743589743,0.8598477052891541,0.0,1.0
0.7435897435897436,0.8790948275862069,0.0,1.0
0.7307692307692307,0.91624895572264,0.0,1.0
0.7115384615384616,0.8690690690690691,0.0,1.0
0.7435897435897436,0.9381465517241379,0.0,1.0
0.7307692307692308,0.8924814218782415,0.0,1.0
