acc,auc,sensitivity,specificity
0.20833333333333334,0.798830409356725,0.0,1.0
0.11428571428571428,0.7681451612903226,0.0,1.0
0.18840579710144928,0.7431318681318682,0.0,1.0
0.2028985507246377,0.6675324675324675,0.0,1.0
0.15942028985507245,0.7539184952978056,0.0,1.0
0.1746687370600414,0.7463116803218377,0.0,1.0
