acc,auc,sensitivity,specificity
0.7243589743589743,0.9022432599300267,0.0,1.0
0.7435897435897436,0.8913793103448275,0.0,1.0
0.7307692307692307,0.9427736006683376,0.0,1.0
0.7115384615384616,0.9076076076076076,0.0,1.0
0.7435897435897436,0.9381465517241379,0.0,1.0
0.7307692307692308,0.9164300660549876,0.0,1.0
