acc,auc,sensitivity,specificity
0.717948717948718,0.6801811072237086,0.0,0.9911504424778761
0.7564102564102564,0.715301724137931,0.1,0.9827586206896551
0.7371794871794872,0.7946950710108606,0.16666666666666666,0.9473684210526315
0.7243589743589743,0.772972972972973,0.044444444444444446,1.0
0.7307692307692307,0.692456896551724,0.15,0.9310344827586207
0.7333333333333334,0.7311215543794394,0.09222222222222223,0.9704623933957567
