acc,auc,sensitivity,specificity
0.20833333333333334,0.7532163742690058,0.0,1.0
0.11428571428571428,0.7963709677419355,0.0,1.0
0.18840579710144928,0.635989010989011,0.0,1.0
0.2028985507246377,0.6168831168831168,0.0,1.0
0.15942028985507245,0.6912225705329154,0.0,1.0
0.1746687370600414,0.6987364080831969,0.0,1.0
