acc,auc,sensitivity,specificity
0.20833333333333334,0.8257309941520468,0.0,1.0
0.11428571428571428,0.7862903225806451,0.0,1.0
0.18840579710144928,0.5714285714285714,0.0,1.0
0.2028985507246377,0.6012987012987012,0.0,1.0
0.15942028985507245,0.652037617554859,0.0,1.0
0.1746687370600414,0.6873572414029647,0.0,1.0
