acc,auc,sensitivity,specificity
0.7243589743589743,0.8619057419222061,0.0,1.0
0.7435897435897436,0.9221982758620689,0.0,1.0
0.7307692307692307,0.8738512949039264,0.0,1.0
0.7115384615384616,0.8674674674674675,0.0,1.0
0.7435897435897436,0.8806034482758621,0.0,1.0
0.7307692307692308,0.8812052456863062,0.0,1.0
