acc,auc,sensitivity,specificity
0.5625,0.9675025828871983,0.0,1.0
0.5714285714285714,0.8911018628616726,0.0,1.0
0.539906103286385,0.9006211180124224,0.0,1.0
0.5422885572139303,0.8760470682090147,0.0,1.0
0.5714285714285714,0.9101828231292516,0.0,1.0
0.5575103606714917,0.9090910910199119,0.0,1.0
