acc,auc,sensitivity,specificity
0.20833333333333334,0.7730994152046783,0.0,1.0
0.11428571428571428,0.8326612903225807,0.0,1.0
0.18840579710144928,0.7664835164835164,0.0,1.0
0.2028985507246377,0.7480519480519481,0.0,1.0
0.15942028985507245,0.7711598746081505,0.0,1.0
0.1746687370600414,0.7782912089341748,0.0,1.0
