acc,auc,sensitivity,specificity
0.7756410256410257,0.7610619469026548,0.18604651162790697,1.0
0.7692307692307693,0.7293103448275863,0.25,0.9482758620689655
0.8397435897435898,0.8611111111111112,0.5,0.9649122807017544
0.7884615384615384,0.8086086086086086,0.4222222222222222,0.9369369369369369
0.782051282051282,0.7670258620689656,0.325,0.9396551724137931
0.791025641025641,0.7854235747037853,0.3366537467700258,0.9579560504242899
