acc,auc,sensitivity,specificity
0.20833333333333334,0.7415204678362572,0.0,1.0
0.11428571428571428,0.870967741935484,0.0,1.0
0.18840579710144928,0.6978021978021978,0.0,1.0
0.2028985507246377,0.625974025974026,0.0,1.0
0.15942028985507245,0.6755485893416928,0.0,1.0
0.1746687370600414,0.7223626045779316,0.0,1.0
