acc,auc,sensitivity,specificity
0.7243589743589743,0.695616381971599,0.09302325581395349,0.9646017699115044
0.7628205128205128,0.6928879310344828,0.125,0.9827586206896551
0.7307692307692307,0.7564745196324144,0.047619047619047616,0.9824561403508771
0.7371794871794872,0.7567567567567568,0.08888888888888889,1.0
0.7371794871794872,0.6894396551724137,0.025,0.9827586206896551
0.7384615384615385,0.7182350489135334,0.07590623846437801,0.9825150303283383
