acc,auc,sensitivity,specificity
0.7243589743589743,0.9123276394319819,0.0,1.0
0.7435897435897436,0.9122844827586207,0.0,1.0
0.7307692307692307,0.933375104427736,0.0,1.0
0.7115384615384616,0.9133133133133133,0.0,1.0
0.7435897435897436,0.945905172413793,0.0,1.0
0.7307692307692308,0.923441142469089,0.0,1.0
