acc,auc,sensitivity,specificity
0.5625,0.9706020475251244,0.0,1.0
0.5714285714285714,0.9755251684502576,0.0,1.0
0.539906103286385,0.9194321206743568,0.0,1.0
0.5422885572139303,0.9665935380933387,0.0,1.0
0.5714285714285714,0.9485544217687075,0.0,1.0
0.5575103606714917,0.9561414593023569,0.0,1.0
