acc,auc,sensitivity,specificity
0.782051282051282,0.7487137271043424,0.32558139534883723,0.9557522123893806
0.8076923076923077,0.7633620689655173,0.375,0.9568965517241379
0.8333333333333334,0.7961570593149541,0.4523809523809524,0.9736842105263158
0.7756410256410257,0.8608608608608609,0.3111111111111111,0.963963963963964
0.7948717948717948,0.8245689655172413,0.35,0.9482758620689655
0.7987179487179488,0.7987325363525832,0.36281469176818015,0.9597145601345527
