acc,auc,sensitivity,specificity
0.20833333333333334,0.7567251461988305,0.0,1.0
0.11428571428571428,0.8225806451612904,0.0,1.0
0.18840579710144928,0.6387362637362637,0.0,1.0
0.2028985507246377,0.6337662337662338,0.0,1.0
0.15942028985507245,0.7163009404388715,0.0,1.0
0.1746687370600414,0.713621845860298,0.0,1.0
