acc,auc,sensitivity,specificity
0.7243589743589743,0.9129450504218974,0.0,1.0
0.7435897435897436,0.9256465517241379,0.0,1.0
0.7307692307692307,0.9356725146198831,0.0,1.0
0.7115384615384616,0.9381381381381382,0.0,1.0
0.7435897435897436,0.9456896551724138,0.0,1.0
0.7307692307692308,0.931618382015294,0.0,1.0
