acc,auc,sensitivity,specificity
0.7243589743589743,0.7022020991973656,0.0,1.0
0.7435897435897436,0.7396551724137932,0.0,1.0
0.7307692307692307,0.7857142857142857,0.0,1.0
0.7115384615384616,0.8128128128128128,0.0,1.0
0.7435897435897436,0.7454741379310346,0.0,1.0
0.7307692307692308,0.7571717016138584,0.0,1.0
