acc,auc,sensitivity,specificity
0.5865384615384616,0.704705550859397,0.14285714285714285,0.9316239316239316
0.6009852216748769,0.6652794292508917,0.09195402298850575,0.9827586206896551
0.568075117370892,0.5918367346938775,0.1836734693877551,0.8956521739130435
0.5671641791044776,0.6654367770243319,0.13043478260869565,0.9357798165137615
0.6020408163265306,0.6365858843537415,0.14285714285714285,0.9464285714285714
0.5849607592030477,0.652768875236448,0.13835531213984847,0.9384486228337927
