acc,auc,sensitivity,specificity
0.7243589743589743,0.7468614941345956,0.0,1.0
0.7692307692307693,0.7741379310344827,0.1,1.0
0.7628205128205128,0.8504594820384294,0.11904761904761904,1.0
0.717948717948718,0.8452452452452452,0.022222222222222223,1.0
0.7756410256410257,0.8301724137931035,0.125,1.0
0.75,0.8093753132491713,0.07325396825396827,1.0
