acc,auc,sensitivity,specificity
0.7243589743589743,0.9372298826919119,0.0,1.0
0.7435897435897436,0.9433189655172414,0.0,1.0
0.7307692307692307,0.9565580618212197,0.0,1.0
0.7115384615384616,0.9385385385385385,0.0,1.0
0.7435897435897436,0.8702586206896552,0.0,1.0
0.7307692307692308,0.9291808138517134,0.0,1.0
