acc,auc,sensitivity,specificity
0.5625,0.9909833755987603,0.0,1.0
0.5714285714285714,0.9702734839476812,0.0,1.0
0.539906103286385,0.9135758651286601,0.0,1.0
0.5422885572139303,0.957618667730355,0.0,1.0
0.5714285714285714,0.9656675170068028,0.0,1.0
0.5575103606714917,0.959623781882452,0.0,1.0
