acc,auc,sensitivity,specificity
0.7243589743589743,0.8905124511216299,0.0,1.0
0.7435897435897436,0.8711206896551724,0.0,1.0
0.7307692307692307,0.8874269005847952,0.0,1.0
0.7115384615384616,0.8458458458458458,0.0,1.0
0.7435897435897436,0.9135775862068966,0.0,1.0
0.7307692307692308,0.881696694682868,0.0,1.0
