acc,auc,sensitivity,specificity
0.7243589743589743,0.9372298826919119,0.0,1.0
0.7435897435897436,0.9329741379310345,0.0,1.0
0.7307692307692307,0.9467418546365916,0.0,1.0
0.7115384615384616,0.9535535535535535,0.0,1.0
0.7435897435897436,0.931896551724138,0.0,1.0
0.7307692307692308,0.9404791961074459,0.0,1.0
