acc,auc,sensitivity,specificity
0.8461538461538461,0.9300272377195453,0.7802197802197802,0.8974358974358975
0.7438423645320197,0.8076694411414982,0.8275862068965517,0.6810344827586207
0.6713615023474179,0.7628216503992901,0.5918367346938775,0.7391304347826086
0.736318407960199,0.8155165536497806,0.7065217391304348,0.7614678899082569
0.75,0.8060161564625851,0.75,0.75
0.7495352241986966,0.8244102078745398,0.7312328921881288,0.7658137409770768
