acc,auc,sensitivity,specificity
0.6826923076923077,0.7499765192072885,0.38461538461538464,0.9145299145299145
0.6748768472906403,0.6866825208085612,0.5632183908045977,0.7586206896551724
0.5633802816901409,0.6038154392191658,0.45918367346938777,0.6521739130434783
0.5970149253731343,0.6323294774631033,0.34782608695652173,0.8073394495412844
0.6836734693877551,0.741921768707483,0.5119047619047619,0.8125
0.6403275662867957,0.6829451450811204,0.45334965955013073,0.7890327933539699
