acc,auc,sensitivity,specificity
0.5625,0.5948154409692871,0.0,1.0
0.5714285714285714,0.675287356321839,0.0,1.0
0.539906103286385,0.6404614019520851,0.0,1.0
0.5422885572139303,0.5883526126844834,0.0,1.0
0.5714285714285714,0.6596513605442178,0.0,1.0
0.5575103606714917,0.6317136344943824,0.0,1.0
