acc,auc,sensitivity,specificity
0.7243589743589743,0.9275571105165672,0.0,1.0
0.7435897435897436,0.9310344827586208,0.0,1.0
0.7307692307692307,0.9582289055973267,0.0,1.0
0.7115384615384616,0.957957957957958,0.0,1.0
0.7435897435897436,0.9122844827586207,0.0,1.0
0.7307692307692308,0.9374125879178188,0.0,1.0
