acc,auc,sensitivity,specificity
0.20833333333333334,0.7426900584795321,0.0,1.0
0.11428571428571428,0.7862903225806451,0.0,1.0
0.18840579710144928,0.5590659340659341,0.0,1.0
0.2028985507246377,0.6025974025974026,0.0,1.0
0.15942028985507245,0.7131661442006269,0.0,1.0
0.1746687370600414,0.6807619723848282,0.0,1.0
