acc,auc,sensitivity,specificity
0.7307692307692307,0.6659806544556492,0.16279069767441862,0.9469026548672567
0.75,0.7088362068965517,0.1,0.9741379310344828
0.7756410256410257,0.7447786131996659,0.23809523809523808,0.9736842105263158
0.7435897435897436,0.7421421421421421,0.2,0.963963963963964
0.782051282051282,0.7512931034482759,0.225,0.9741379310344828
0.7564102564102564,0.7226061440284569,0.18517718715393133,0.9665653382853003
