acc,auc,sensitivity,specificity
0.8846153846153846,0.9125334430952871,0.7674418604651163,0.9292035398230089
0.8910256410256411,0.927801724137931,0.65,0.9741379310344828
0.8717948717948718,0.9605263157894737,0.7380952380952381,0.9210526315789473
0.8974358974358975,0.9595595595595596,0.7111111111111111,0.972972972972973
0.9166666666666666,0.9267241379310346,0.825,0.9482758620689655
0.8923076923076924,0.937429036102657,0.7383296419342932,0.9491285874956754
