acc,auc,sensitivity,specificity
0.7243589743589743,0.9174727310146121,0.0,1.0
0.7435897435897436,0.8991379310344828,0.0,1.0
0.7307692307692307,0.9550960735171262,0.0,1.0
0.7115384615384616,0.9463463463463464,0.0,1.0
0.7435897435897436,0.9420258620689654,0.0,1.0
0.7307692307692308,0.9320157887963066,0.0,1.0
