acc,auc,sensitivity,specificity
0.7916666666666666,0.5953216374269006,1.0,0.0
0.8857142857142857,0.41330645161290325,1.0,0.0
0.8115942028985508,0.5769230769230769,1.0,0.0
0.7971014492753623,0.5844155844155844,1.0,0.0
0.8405797101449275,0.5564263322884012,1.0,0.0
0.8253312629399586,0.5452786165333733,1.0,0.0
