acc,auc,sensitivity,specificity
0.7307692307692307,0.7063181724634698,0.11627906976744186,0.9646017699115044
0.7628205128205128,0.715301724137931,0.1,0.9913793103448276
0.7115384615384616,0.7322472848788638,0.023809523809523808,0.9649122807017544
0.717948717948718,0.7633633633633633,0.022222222222222223,1.0
0.7564102564102564,0.6851293103448276,0.25,0.9310344827586207
0.735897435897436,0.7204719710376911,0.10246216315983758,0.9703855687433414
