acc,auc,sensitivity,specificity
0.8413461538461539,0.9183807645346107,0.7912087912087912,0.8803418803418803
0.7487684729064039,0.8118311533888227,0.8390804597701149,0.6810344827586207
0.6807511737089202,0.7603371783496008,0.6224489795918368,0.7304347826086957
0.7064676616915423,0.8020542481053051,0.5652173913043478,0.8256880733944955
0.7602040816326531,0.8075042517006803,0.7261904761904762,0.7857142857142857
0.7475075087571347,0.8200215192158039,0.7088292196131134,0.7806427009635956
