acc,auc,sensitivity,specificity
0.5625,0.9783037475345168,0.0,1.0
0.5714285714285714,0.7915180340864052,0.0,1.0
0.539906103286385,0.8420585625554571,0.0,1.0
0.5422885572139303,0.9170323095333066,0.0,1.0
0.5714285714285714,0.848533163265306,0.0,1.0
0.5575103606714917,0.8754891633949983,0.0,1.0
