acc,auc,sensitivity,specificity
0.7916666666666666,0.6327485380116958,1.0,0.0
0.8857142857142857,0.6935483870967742,1.0,0.0
0.8115942028985508,0.6620879120879122,1.0,0.0
0.7971014492753623,0.6896103896103896,1.0,0.0
0.8405797101449275,0.5768025078369906,1.0,0.0
0.8253312629399586,0.6509595469287525,1.0,0.0
