acc,auc,sensitivity,specificity
0.5961538461538461,0.7107166337935569,0.16483516483516483,0.9316239316239316
0.5911330049261084,0.6728101466508125,0.21839080459770116,0.8706896551724138
0.5492957746478874,0.550044365572316,0.16326530612244897,0.8782608695652174
0.5572139303482587,0.6668328679696849,0.05434782608695652,0.981651376146789
0.6326530612244898,0.6356292517006803,0.2261904761904762,0.9375
0.5852899234601181,0.6472066531374102,0.16540591556654954,0.9199451665016702
