acc,auc,sensitivity,specificity
0.20833333333333334,0.7801169590643275,0.0,1.0
0.11428571428571428,0.8245967741935485,0.0,1.0
0.18840579710144928,0.5576923076923077,0.0,1.0
0.2028985507246377,0.6285714285714286,0.0,1.0
0.15942028985507245,0.7115987460815048,0.0,1.0
0.1746687370600414,0.7005152431206234,0.0,1.0
