acc,auc,sensitivity,specificity
0.7243589743589743,0.7042601358304178,0.06976744186046512,0.9734513274336283
0.7564102564102564,0.6913793103448276,0.1,0.9827586206896551
0.7115384615384616,0.7736006683375104,0.047619047619047616,0.956140350877193
0.717948717948718,0.7757757757757757,0.044444444444444446,0.990990990990991
0.7371794871794872,0.6982758620689655,0.15,0.9396551724137931
0.7294871794871796,0.7286583504714994,0.08236618678479143,0.968599292481052
