acc,auc,sensitivity,specificity
0.7243589743589743,0.8888660218151881,0.0,1.0
0.7435897435897436,0.8219827586206897,0.0,1.0
0.7307692307692307,0.9145781119465329,0.0,1.0
0.7115384615384616,0.8850850850850851,0.0,1.0
0.7435897435897436,0.8528017241379311,0.0,1.0
0.7307692307692308,0.8726627403210854,0.0,1.0
