acc,auc,sensitivity,specificity
0.7243589743589743,0.923441037250463,0.0,1.0
0.7435897435897436,0.8952586206896551,0.0,1.0
0.7307692307692307,0.9523809523809523,0.0,1.0
0.7115384615384616,0.9363363363363363,0.0,1.0
0.7435897435897436,0.9172413793103448,0.0,1.0
0.7307692307692308,0.9249316651935503,0.0,1.0
