acc,auc,sensitivity,specificity
0.7932692307692307,0.8818446510754203,0.7252747252747253,0.8461538461538461
0.7389162561576355,0.8341260404280618,0.7471264367816092,0.7327586206896551
0.7089201877934272,0.771960958296362,0.6224489795918368,0.782608695652174
0.7114427860696517,0.7552852014359793,0.6413043478260869,0.7706422018348624
0.7397959183673469,0.8279124149659864,0.7619047619047619,0.7232142857142857
0.7384688758314584,0.814225853240362,0.699611850275804,0.7710755300089647
