acc,auc,sensitivity,specificity
0.7243589743589743,0.9215888042807162,0.0,1.0
0.7435897435897436,0.8995689655172414,0.0,1.0
0.7307692307692307,0.9327485380116959,0.0,1.0
0.7115384615384616,0.9207207207207206,0.0,1.0
0.7435897435897436,0.9301724137931034,0.0,1.0
0.7307692307692308,0.9209598884646955,0.0,1.0
