acc,auc,sensitivity,specificity
0.9423076923076923,0.9876960646191415,0.9340659340659341,0.9487179487179487
0.9014778325123153,0.9613555291319857,0.9425287356321839,0.8706896551724138
0.8169014084507042,0.9234250221827862,0.8061224489795918,0.8260869565217391
0.8855721393034826,0.9462504986039091,0.9347826086956522,0.8440366972477065
0.8826530612244898,0.941220238095238,0.8452380952380952,0.9107142857142857
0.8857824267597367,0.9519894705266122,0.8925475645222913,0.8800491086748188
