acc,auc,sensitivity,specificity
0.5625,0.5938762092608246,0.0,1.0
0.5714285714285714,0.6728101466508125,0.0,1.0
0.539906103286385,0.6422360248447206,0.0,1.0
0.5422885572139303,0.5814718787395293,0.0,1.0
0.5714285714285714,0.656781462585034,0.0,1.0
0.5575103606714917,0.6294351444161841,0.0,1.0
