acc,auc,sensitivity,specificity
0.8461538461538461,0.9335963182117029,0.7802197802197802,0.8974358974358975
0.7487684729064039,0.811930241775664,0.8160919540229885,0.6982758620689655
0.6619718309859155,0.7424134871339841,0.5612244897959183,0.7478260869565218
0.7412935323383084,0.8170123653769445,0.6413043478260869,0.8256880733944955
0.7653061224489796,0.8128188775510203,0.75,0.7767857142857143
0.7526987609666907,0.8235542580098631,0.7097681143729548,0.7892023268283189
