acc,auc,sensitivity,specificity
0.5625,0.9924861463323003,0.0,1.0
0.5714285714285714,0.9543202536662703,0.0,1.0
0.539906103286385,0.9380656610470275,0.0,1.0
0.5422885572139303,0.9517351416035101,0.0,1.0
0.5714285714285714,0.9579081632653061,0.0,1.0
0.5575103606714917,0.9589030731828828,0.0,1.0
