acc,auc,sensitivity,specificity
0.20833333333333334,0.6631578947368421,0.0,1.0
0.11428571428571428,0.5887096774193548,0.0,1.0
0.18840579710144928,0.364010989010989,0.0,1.0
0.2028985507246377,0.6064935064935064,0.0,1.0
0.15942028985507245,0.5564263322884012,0.0,1.0
0.1746687370600414,0.5557596799898187,0.0,1.0
