acc,auc,sensitivity,specificity
0.20833333333333334,0.7719298245614035,0.0,1.0
0.11428571428571428,0.6653225806451613,0.0,1.0
0.18840579710144928,0.6524725274725274,0.0,1.0
0.2028985507246377,0.5311688311688312,0.0,1.0
0.15942028985507245,0.5642633228840126,0.0,1.0
0.1746687370600414,0.6370314173463871,0.0,1.0
