acc,auc,sensitivity,specificity
0.6923076923076923,0.7699821545975392,0.3956043956043956,0.9230769230769231
0.6551724137931034,0.6794490685691638,0.4942528735632184,0.7758620689655172
0.5539906103286385,0.6110913930789708,0.47959183673469385,0.6173913043478261
0.5920398009950248,0.6301356202632629,0.33695652173913043,0.8073394495412844
0.6428571428571429,0.7255527210884354,0.4880952380952381,0.7589285714285714
0.6272735320563203,0.6832421915194745,0.43890017314733526,0.7765196634720244
