acc,auc,sensitivity,specificity
0.5625,0.9927679158448388,0.0,1.0
0.5714285714285714,0.9705707491082045,0.0,1.0
0.539906103286385,0.9293700088731145,0.0,1.0
0.5422885572139303,0.9626047068209014,0.0,1.0
0.5714285714285714,0.9586522108843537,0.0,1.0
0.5575103606714917,0.9627931183062826,0.0,1.0
