acc,auc,sensitivity,specificity
0.7916666666666666,0.5497076023391813,1.0,0.0
0.8857142857142857,0.7076612903225806,1.0,0.0
0.8115942028985508,0.5934065934065934,1.0,0.0
0.7971014492753623,0.6090909090909091,1.0,0.0
0.8405797101449275,0.6614420062695925,1.0,0.0
0.8253312629399586,0.6242616802857713,1.0,0.0
