acc,auc,sensitivity,specificity
0.8076923076923077,0.7723811483844413,0.37209302325581395,0.9734513274336283
0.7628205128205128,0.7366379310344827,0.225,0.9482758620689655
0.7884615384615384,0.8404344193817879,0.30952380952380953,0.9649122807017544
0.8141025641025641,0.8736736736736737,0.4,0.9819819819819819
0.8012820512820513,0.7872844827586206,0.5,0.9051724137931034
0.7948717948717949,0.8020823310466012,0.3613233665559247,0.9547587731958866
