acc,auc,sensitivity,specificity
0.7916666666666666,0.6608187134502923,1.0,0.0
0.8857142857142857,0.6431451612903225,1.0,0.0
0.8115942028985508,0.7939560439560439,1.0,0.0
0.7971014492753623,0.6493506493506493,1.0,0.0
0.8405797101449275,0.689655172413793,1.0,0.0
0.8253312629399586,0.6873851480922203,1.0,0.0
