acc,auc,sensitivity,specificity
0.5721153846153846,0.6182023105100029,0.08791208791208792,0.9487179487179487
0.6206896551724138,0.7479191438763377,0.21839080459770116,0.9224137931034483
0.6150234741784038,0.664418811002662,0.35714285714285715,0.8347826086956521
0.5472636815920398,0.6668328679696849,0.021739130434782608,0.9908256880733946
0.5816326530612245,0.7125850340136054,0.03571428571428571,0.9910714285714286
0.5873449697238933,0.6819916334744586,0.1441798331603429,0.9375622934323745
