acc,auc,sensitivity,specificity
0.20833333333333334,0.6994152046783626,0.0,1.0
0.11428571428571428,0.7338709677419355,0.0,1.0
0.18840579710144928,0.7239010989010989,0.0,1.0
0.2028985507246377,0.7090909090909091,0.0,1.0
0.15942028985507245,0.7037617554858935,0.0,1.0
0.1746687370600414,0.7140079871796399,0.0,1.0
