acc,auc,sensitivity,specificity
0.5625,0.9754860524091293,0.0,1.0
0.5714285714285714,0.9755251684502576,0.0,1.0
0.539906103286385,0.9173913043478261,0.0,1.0
0.5422885572139303,0.971679297965696,0.0,1.0
0.5714285714285714,0.9352678571428572,0.0,1.0
0.5575103606714917,0.9550699360631534,0.0,1.0
