acc,auc,sensitivity,specificity
0.7916666666666666,0.672514619883041,1.0,0.0
0.8857142857142857,0.6350806451612903,1.0,0.0
0.8115942028985508,0.5192307692307693,1.0,0.0
0.7971014492753623,0.5987012987012987,1.0,0.0
0.8405797101449275,0.5344827586206897,1.0,0.0
0.8253312629399586,0.5920020183194177,1.0,0.0
