acc,auc,sensitivity,specificity
0.5625,0.5871137409598949,0.0,1.0
0.5714285714285714,0.6736028537455411,0.0,1.0
0.539906103286385,0.6433895297249335,0.0,1.0
0.5422885572139303,0.5862584762664539,0.0,1.0
0.5714285714285714,0.6633715986394558,0.0,1.0
0.5575103606714917,0.6307472398672559,0.0,1.0
