acc,auc,sensitivity,specificity
0.5625,0.9945524560909176,0.0,1.0
0.5714285714285714,0.9728497820055491,0.0,1.0
0.539906103286385,0.9225377107364685,0.0,1.0
0.5422885572139303,0.9626047068209014,0.0,1.0
0.5714285714285714,0.9618409863945578,0.0,1.0
0.5575103606714917,0.9628771284096788,0.0,1.0
