acc,auc,sensitivity,specificity
0.7243589743589743,0.7332784523564518,0.0,1.0
0.7692307692307693,0.7642241379310346,0.1,1.0
0.75,0.8500417710944026,0.07142857142857142,1.0
0.717948717948718,0.8562562562562562,0.022222222222222223,1.0
0.7756410256410257,0.8342672413793103,0.125,1.0
0.7474358974358974,0.807613571803491,0.06373015873015872,1.0
