acc,auc,sensitivity,specificity
0.6682692307692307,0.7432140509063586,0.4065934065934066,0.8717948717948718
0.6650246305418719,0.6631985731272295,0.5862068965517241,0.7241379310344828
0.539906103286385,0.5944986690328304,0.40816326530612246,0.6521739130434783
0.5970149253731343,0.6202632628639808,0.32608695652173914,0.8256880733944955
0.6632653061224489,0.7216198979591837,0.4523809523809524,0.8214285714285714
0.6266960392186143,0.6685588907779166,0.435886295470789,0.7790446721391799
