acc,auc,sensitivity,specificity
0.7564102564102564,0.7011730808808397,0.18604651162790697,0.9734513274336283
0.7948717948717948,0.7875,0.25,0.9827586206896551
0.7948717948717948,0.8233082706766917,0.4523809523809524,0.9210526315789473
0.8205128205128205,0.8222222222222223,0.4222222222222222,0.9819819819819819
0.7948717948717948,0.7980603448275863,0.35,0.9482758620689655
0.7923076923076922,0.7864527837214681,0.3321299372462163,0.9615040847506355
