acc,auc,sensitivity,specificity
0.20833333333333334,0.7964912280701755,0.0,1.0
0.11428571428571428,0.7943548387096774,0.0,1.0
0.18840579710144928,0.5755494505494506,0.0,1.0
0.2028985507246377,0.6558441558441558,0.0,1.0
0.15942028985507245,0.664576802507837,0.0,1.0
0.1746687370600414,0.6973632951362593,0.0,1.0
