acc,auc,sensitivity,specificity
0.7884615384615384,0.7590039102696028,0.3488372093023256,0.9557522123893806
0.8397435897435898,0.7678879310344827,0.45,0.9741379310344828
0.8333333333333334,0.8109857978279031,0.42857142857142855,0.9824561403508771
0.7948717948717948,0.8618618618618619,0.3333333333333333,0.9819819819819819
0.8076923076923077,0.8288793103448276,0.4,0.9482758620689655
0.8128205128205128,0.8057237622677358,0.39214839424141745,0.9685208255651375
