acc,auc,sensitivity,specificity
0.20833333333333334,0.7111111111111111,0.0,1.0
0.11428571428571428,0.8366935483870968,0.0,1.0
0.18840579710144928,0.5714285714285714,0.0,1.0
0.2028985507246377,0.7207792207792209,0.0,1.0
0.15942028985507245,0.768025078369906,0.0,1.0
0.1746687370600414,0.7216075060151812,0.0,1.0
