acc,auc,sensitivity,specificity
0.5625,0.9924861463323001,0.0,1.0
0.5714285714285714,0.9681926278240189,0.0,1.0
0.539906103286385,0.931499556344277,0.0,1.0
0.5422885572139303,0.9638013562026326,0.0,1.0
0.5714285714285714,0.9620535714285714,0.0,1.0
0.5575103606714917,0.9636066516263601,0.0,1.0
