acc,auc,sensitivity,specificity
0.7916666666666666,0.5111111111111112,1.0,0.0
0.8857142857142857,0.34879032258064513,1.0,0.0
0.8115942028985508,0.5604395604395604,1.0,0.0
0.7971014492753623,0.4948051948051948,1.0,0.0
0.8405797101449275,0.5642633228840126,1.0,0.0
0.8253312629399586,0.49588190236410484,1.0,0.0
