acc,auc,sensitivity,specificity
0.20833333333333334,0.6421052631578947,0.0,1.0
0.11428571428571428,0.6754032258064516,0.0,1.0
0.18840579710144928,0.4656593406593406,0.0,1.0
0.2028985507246377,0.5532467532467532,0.0,1.0
0.15942028985507245,0.4247648902821316,0.0,1.0
0.1746687370600414,0.5522358946305144,0.0,1.0
