acc,auc,sensitivity,specificity
0.8717948717948718,0.9112986211154559,0.7674418604651163,0.911504424778761
0.8782051282051282,0.9349137931034482,0.625,0.9655172413793104
0.8653846153846154,0.9488304093567251,0.7142857142857143,0.9210526315789473
0.9102564102564102,0.9645645645645646,0.7333333333333333,0.9819819819819819
0.9102564102564102,0.9234913793103449,0.85,0.9310344827586207
0.8871794871794872,0.9366197534901077,0.7380121816168328,0.9422181524955244
