acc,auc,sensitivity,specificity
0.6490384615384616,0.7794683948530102,0.23076923076923078,0.9743589743589743
0.5960591133004927,0.6929250891795482,0.12643678160919541,0.9482758620689655
0.6009389671361502,0.6546583850931678,0.24489795918367346,0.9043478260869565
0.5522388059701493,0.6598524132429199,0.021739130434782608,1.0
0.6071428571428571,0.6349914965986395,0.13095238095238096,0.9642857142857143
0.6010836410176222,0.684379155793457,0.15095909658985265,0.9582536753601222
