acc,auc,sensitivity,specificity
0.20833333333333334,0.7707602339181286,0.0,1.0
0.11428571428571428,0.7923387096774193,0.0,1.0
0.18840579710144928,0.6085164835164835,0.0,1.0
0.2028985507246377,0.6649350649350648,0.0,1.0
0.15942028985507245,0.6974921630094044,0.0,1.0
0.1746687370600414,0.7068085310113001,0.0,1.0
