acc,auc,sensitivity,specificity
0.6394230769230769,0.7706396167934629,0.2857142857142857,0.9145299145299145
0.6157635467980296,0.6408045977011495,0.21839080459770116,0.9137931034482759
0.5586854460093896,0.632209405501331,0.19387755102040816,0.8695652173913043
0.5522388059701493,0.6241523733546072,0.043478260869565216,0.981651376146789
0.6326530612244898,0.7324617346938775,0.19047619047619047,0.9642857142857143
0.599752787385027,0.6800535456088856,0.18638741853563012,0.9287650651603997
