acc,auc,sensitivity,specificity
0.7243589743589743,0.8499691294505042,0.0,1.0
0.7435897435897436,0.8344827586206895,0.0,1.0
0.7307692307692307,0.8972431077694236,0.0,1.0
0.7115384615384616,0.9115115115115114,0.0,1.0
0.7435897435897436,0.8939655172413793,0.0,1.0
0.7307692307692308,0.8774344049187016,0.0,1.0
