acc,auc,sensitivity,specificity
0.7916666666666666,0.5485380116959064,1.0,0.0
0.8857142857142857,0.6471774193548387,1.0,0.0
0.8115942028985508,0.603021978021978,1.0,0.0
0.7971014492753623,0.6038961038961039,1.0,0.0
0.8405797101449275,0.6018808777429467,1.0,0.0
0.8253312629399586,0.6009028781423548,1.0,0.0
