acc,auc,sensitivity,specificity
0.7916666666666666,0.5812865497076023,1.0,0.0
0.8857142857142857,0.782258064516129,1.0,0.0
0.8115942028985508,0.6167582417582417,1.0,0.0
0.7971014492753623,0.6792207792207792,1.0,0.0
0.8405797101449275,0.64576802507837,1.0,0.0
0.8253312629399586,0.6610583320562243,1.0,0.0
