acc,auc,sensitivity,specificity
0.7243589743589743,0.6733895863346367,0.18604651162790697,0.9292035398230089
0.7692307692307693,0.7368534482758621,0.15,0.9827586206896551
0.7884615384615384,0.775062656641604,0.30952380952380953,0.9649122807017544
0.7435897435897436,0.7315315315315314,0.2,0.963963963963964
0.7948717948717948,0.7433189655172414,0.275,0.9741379310344828
0.764102564102564,0.7320312376601752,0.22411406423034333,0.962995267242573
