acc,auc,sensitivity,specificity
0.20833333333333334,0.6678362573099415,0.0,1.0
0.11428571428571428,0.6028225806451613,0.0,1.0
0.18840579710144928,0.3557692307692308,0.0,1.0
0.2028985507246377,0.6025974025974026,0.0,1.0
0.15942028985507245,0.5564263322884013,0.0,1.0
0.1746687370600414,0.5570903607220276,0.0,1.0
