acc,auc,sensitivity,specificity
0.7916666666666666,0.6783625730994152,1.0,0.0
0.8857142857142857,0.7278225806451613,1.0,0.0
0.8115942028985508,0.5824175824175823,1.0,0.0
0.7971014492753623,0.5922077922077922,1.0,0.0
0.8405797101449275,0.6065830721003135,1.0,0.0
0.8253312629399586,0.6374787200940528,1.0,0.0
