acc,auc,sensitivity,specificity
0.5625,0.9938010707241477,0.0,1.0
0.5714285714285714,0.965021799445105,0.0,1.0
0.539906103286385,0.9249334516415262,0.0,1.0
0.5422885572139303,0.9620063821300359,0.0,1.0
0.5714285714285714,0.9591836734693877,0.0,1.0
0.5575103606714917,0.9609892754820404,0.0,1.0
