acc,auc,sensitivity,specificity
0.7916666666666666,0.7298245614035088,1.0,0.0
0.8857142857142857,0.5080645161290323,1.0,0.0
0.8115942028985508,0.7500000000000001,1.0,0.0
0.7971014492753623,0.5532467532467532,1.0,0.0
0.8405797101449275,0.6677115987460815,1.0,0.0
0.8253312629399586,0.6417694859050751,1.0,0.0
