acc,auc,sensitivity,specificity
0.20833333333333334,0.6456140350877193,0.0,1.0
0.11428571428571428,0.7701612903225807,0.0,1.0
0.18840579710144928,0.6291208791208791,0.0,1.0
0.2028985507246377,0.6766233766233766,0.0,1.0
0.15942028985507245,0.6379310344827586,0.0,1.0
0.1746687370600414,0.6718901231274629,0.0,1.0
