acc,auc,sensitivity,specificity
0.7916666666666666,0.7029239766081872,1.0,0.0
0.8857142857142857,0.594758064516129,1.0,0.0
0.8115942028985508,0.6016483516483516,1.0,0.0
0.7971014492753623,0.6610389610389611,1.0,0.0
0.8405797101449275,0.5752351097178684,1.0,0.0
0.8253312629399586,0.6271208927058993,1.0,0.0
