acc,auc,sensitivity,specificity
0.7243589743589743,0.8800164642930643,0.0,1.0
0.7435897435897436,0.8609913793103448,0.0,1.0
0.7307692307692307,0.9306599832915622,0.0,1.0
0.7115384615384616,0.8610610610610612,0.0,1.0
0.7435897435897436,0.878448275862069,0.0,1.0
0.7307692307692308,0.8822354327636204,0.0,1.0
