acc,auc,sensitivity,specificity
0.5625,0.9939889170658401,0.0,1.0
0.5714285714285714,0.9694807768529528,0.0,1.0
0.539906103286385,0.9308784383318545,0.0,1.0
0.5422885572139303,0.9652971679297966,0.0,1.0
0.5714285714285714,0.9580144557823129,0.0,1.0
0.5575103606714917,0.9635319511925514,0.0,1.0
