acc,auc,sensitivity,specificity
0.7243589743589743,0.9399053303148796,0.0,1.0
0.7435897435897436,0.9090517241379311,0.0,1.0
0.7307692307692307,0.9569757727652465,0.0,1.0
0.7115384615384616,0.9569569569569569,0.0,1.0
0.7435897435897436,0.848706896551724,0.0,1.0
0.7307692307692308,0.9223193361453477,0.0,1.0
