acc,auc,sensitivity,specificity
0.7916666666666666,0.6549707602339181,1.0,0.0
0.8857142857142857,0.7036290322580645,1.0,0.0
0.8115942028985508,0.75,1.0,0.0
0.7971014492753623,0.5857142857142856,1.0,0.0
0.8405797101449275,0.6065830721003135,1.0,0.0
0.8253312629399586,0.6601794300613164,1.0,0.0
