acc,auc,sensitivity,specificity
0.7916666666666666,0.7192982456140351,1.0,0.0
0.8857142857142857,0.5282258064516129,1.0,0.0
0.8115942028985508,0.4739010989010989,1.0,0.0
0.7971014492753623,0.6064935064935064,1.0,0.0
0.8405797101449275,0.3808777429467084,1.0,0.0
0.8253312629399586,0.5417592800813924,1.0,0.0
