acc,auc,sensitivity,specificity
0.5625,0.9929557621865314,0.0,1.0
0.5714285714285714,0.9622473246135552,0.0,1.0
0.539906103286385,0.9266193433895297,0.0,1.0
0.5422885572139303,0.9621061029118468,0.0,1.0
0.5714285714285714,0.9641794217687075,0.0,1.0
0.5575103606714917,0.9616215909740342,0.0,1.0
