acc,auc,sensitivity,specificity
0.5625,0.9717291255752795,0.0,1.0
0.5714285714285714,0.968192627824019,0.0,1.0
0.539906103286385,0.9182786157941438,0.0,1.0
0.5422885572139303,0.967491025129637,0.0,1.0
0.5714285714285714,0.927827380952381,0.0,1.0
0.5575103606714917,0.9507037550550921,0.0,1.0
