acc,auc,sensitivity,specificity
0.7243589743589743,0.853879399053303,0.0,1.0
0.7435897435897436,0.8342672413793104,0.0,1.0
0.7307692307692307,0.904344193817878,0.0,1.0
0.7115384615384616,0.9047047047047047,0.0,1.0
0.7435897435897436,0.9017241379310345,0.0,1.0
0.7307692307692308,0.8797839353772462,0.0,1.0
