acc,auc,sensitivity,specificity
0.6875,0.7454682070066685,0.3626373626373626,0.9401709401709402
0.6748768472906403,0.6805885850178359,0.5632183908045977,0.7586206896551724
0.5446009389671361,0.5994676131322094,0.4387755102040816,0.6347826086956522
0.6169154228855721,0.6472875947347427,0.32608695652173914,0.8623853211009175
0.6530612244897959,0.742984693877551,0.4642857142857143,0.7946428571428571
0.6353908867266289,0.6831593387538015,0.43100078689069904,0.7981204833531079
