acc,auc,sensitivity,specificity
0.6634615384615384,0.7159763313609467,0.34065934065934067,0.9145299145299145
0.6059113300492611,0.5850178359096314,0.3793103448275862,0.7758620689655172
0.5774647887323944,0.5689440993788819,0.29591836734693877,0.8173913043478261
0.6069651741293532,0.593238930993219,0.29347826086956524,0.8715596330275229
0.6530612244897959,0.6850552721088435,0.32142857142857145,0.9017857142857143
0.6213728111724686,0.6296464939503046,0.32615897702640045,0.8562257270312991
