acc,auc,sensitivity,specificity
0.20833333333333334,0.646783625730994,0.0,1.0
0.11428571428571428,0.7479838709677419,0.0,1.0
0.18840579710144928,0.6346153846153846,0.0,1.0
0.2028985507246377,0.6701298701298701,0.0,1.0
0.15942028985507245,0.6442006269592476,0.0,1.0
0.1746687370600414,0.6687426756806476,0.0,1.0
