acc,auc,sensitivity,specificity
0.7243589743589743,0.9147972833916445,0.0,1.0
0.7435897435897436,0.8836206896551724,0.0,1.0
0.7307692307692307,0.9392230576441102,0.0,1.0
0.7115384615384616,0.909109109109109,0.0,1.0
0.7435897435897436,0.9286637931034483,0.0,1.0
0.7307692307692308,0.9150827865806969,0.0,1.0
