acc,auc,sensitivity,specificity
0.5625,0.9921104536489151,0.0,1.0
0.5714285714285714,0.9614546175188268,0.0,1.0
0.539906103286385,0.9392191659272404,0.0,1.0
0.5422885572139303,0.9672915835660151,0.0,1.0
0.5714285714285714,0.9612032312925171,0.0,1.0
0.5575103606714917,0.964255810390703,0.0,1.0
