acc,auc,sensitivity,specificity
0.7243589743589743,0.6803869108870138,0.0,1.0
0.75,0.6918103448275862,0.025,1.0
0.7371794871794872,0.7435254803675856,0.023809523809523808,1.0
0.717948717948718,0.6974974974974976,0.044444444444444446,0.990990990990991
0.75,0.7316810344827586,0.025,1.0
0.735897435897436,0.7089802536124884,0.02365079365079365,0.9981981981981981
