acc,auc,sensitivity,specificity
0.7243589743589743,0.4632640461000206,0.0,1.0
0.7435897435897436,0.6560344827586206,0.0,1.0
0.7307692307692307,0.7466583124477861,0.0,1.0
0.7115384615384616,0.6632632632632632,0.0,1.0
0.7435897435897436,0.6584051724137931,0.0,1.0
0.7307692307692308,0.6375250553966968,0.0,1.0
