acc,auc,sensitivity,specificity
0.8125,0.9069221376913684,0.7802197802197802,0.8376068376068376
0.8029556650246306,0.8912009512485137,0.8735632183908046,0.75
0.6901408450704225,0.7668145519077196,0.6326530612244898,0.7391304347826086
0.7711442786069652,0.87554846429996,0.7282608695652174,0.8073394495412844
0.75,0.8297193877551021,0.75,0.75
0.7653481577404035,0.8540410985805327,0.7529393858800584,0.7768153443861462
