acc,auc,sensitivity,specificity
0.9471153846153846,0.9908894524279139,0.945054945054945,0.9487179487179487
0.916256157635468,0.9667063020214031,0.9540229885057471,0.8879310344827587
0.8732394366197183,0.9316770186335404,0.8979591836734694,0.8521739130434782
0.8905472636815921,0.944854407658556,0.9021739130434783,0.8807339449541285
0.8724489795918368,0.9370748299319728,0.8333333333333334,0.9017857142857143
0.8999214444287998,0.9542404021346773,0.9065088727221946,0.8942685110968057
