acc,auc,sensitivity,specificity
0.6875,0.7504461350615197,0.3516483516483517,0.9487179487179487
0.6798029556650246,0.6856916369401507,0.5747126436781609,0.7586206896551724
0.5586854460093896,0.6039041703637977,0.40816326530612246,0.6869565217391305
0.6019900497512438,0.6457917830075788,0.3695652173913043,0.7981651376146789
0.6683673469387755,0.7389455782312926,0.42857142857142855,0.8482142857142857
0.6392691596728867,0.6849558607208678,0.42653218131907356,0.8081349166882432
