acc,auc,sensitivity,specificity
0.7243589743589743,0.6890306647458325,0.0,1.0
0.75,0.6877155172413794,0.025,1.0
0.7435897435897436,0.7566833751044277,0.047619047619047616,1.0
0.7243589743589743,0.7039039039039039,0.044444444444444446,1.0
0.7435897435897436,0.7209051724137931,0.0,1.0
0.7371794871794872,0.7116477266818673,0.023412698412698413,1.0
