acc,auc,sensitivity,specificity
0.8125,0.9027895181741336,0.7802197802197802,0.8376068376068376
0.8226600985221675,0.8840665873959572,0.9195402298850575,0.75
0.6666666666666666,0.7347826086956522,0.6428571428571429,0.6869565217391305
0.7562189054726368,0.865775827682489,0.6847826086956522,0.8165137614678899
0.7653061224489796,0.8197278911564625,0.75,0.7767857142857143
0.7646703586220902,0.8414284866209389,0.7554799523315265,0.7735725670199145
