acc,auc,sensitivity,specificity
0.7243589743589743,0.5935377649722166,0.0,1.0
0.7435897435897436,0.661206896551724,0.0,1.0
0.7307692307692307,0.6677109440267336,0.0,1.0
0.7115384615384616,0.7065065065065065,0.0,1.0
0.7435897435897436,0.7021551724137931,0.0,1.0
0.7307692307692308,0.6662234568941947,0.0,1.0
