acc,auc,sensitivity,specificity
0.5625,0.9825302902225979,0.0,1.0
0.5714285714285714,0.9733452239397542,0.0,1.0
0.539906103286385,0.9218278615794144,0.0,1.0
0.5422885572139303,0.9717790187475069,0.0,1.0
0.5714285714285714,0.9264455782312926,0.0,1.0
0.5575103606714917,0.9551855945441131,0.0,1.0
