acc,auc,sensitivity,specificity
0.5625,0.8841927303465766,0.0,1.0
0.6009852216748769,0.8130202140309155,0.06896551724137931,1.0
0.539906103286385,0.7084294587400178,0.04081632653061224,0.9652173913043478
0.5621890547263682,0.7403270841643399,0.043478260869565216,1.0
0.5714285714285714,0.8633078231292517,0.0,1.0
0.5674017902232402,0.8018554620822202,0.030652020928311353,0.9930434782608696
