acc,auc,sensitivity,specificity
0.5625,0.9931436085282239,0.0,1.0
0.5714285714285714,0.9628418549346016,0.0,1.0
0.539906103286385,0.9231588287488908,0.0,1.0
0.5422885572139303,0.9737734343837255,0.0,1.0
0.5714285714285714,0.966624149659864,0.0,1.0
0.5575103606714917,0.9639083752510611,0.0,1.0
