acc,auc,sensitivity,specificity
0.7884615384615384,0.7435686355217123,0.32558139534883723,0.9646017699115044
0.7884615384615384,0.7603448275862069,0.375,0.9310344827586207
0.8333333333333334,0.8233082706766918,0.47619047619047616,0.9649122807017544
0.7692307692307693,0.8510510510510512,0.26666666666666666,0.972972972972973
0.7884615384615384,0.8258620689655173,0.35,0.9396551724137931
0.7935897435897435,0.8008269707602359,0.35868770764119595,0.954635335751729
