acc,auc,sensitivity,specificity
0.7916666666666666,0.4982456140350877,1.0,0.0
0.8857142857142857,0.22782258064516125,1.0,0.0
0.8115942028985508,0.5192307692307693,1.0,0.0
0.7971014492753623,0.48571428571428577,1.0,0.0
0.8405797101449275,0.4498432601880877,1.0,0.0
0.8253312629399586,0.4361713019626783,1.0,0.0
