acc,auc,sensitivity,specificity
0.7916666666666666,0.5730994152046784,1.0,0.0
0.8857142857142857,0.6451612903225807,1.0,0.0
0.8115942028985508,0.6373626373626373,1.0,0.0
0.7971014492753623,0.7298701298701298,1.0,0.0
0.8405797101449275,0.664576802507837,1.0,0.0
0.8253312629399586,0.6500140550535727,1.0,0.0
