acc,auc,sensitivity,specificity
0.20833333333333334,0.7684210526315789,0.0,1.0
0.11428571428571428,0.8588709677419355,0.0,1.0
0.18840579710144928,0.7321428571428571,0.0,1.0
0.2028985507246377,0.6649350649350648,0.0,1.0
0.15942028985507245,0.8307210031347962,0.0,1.0
0.1746687370600414,0.7710181891172464,0.0,1.0
