acc,auc,sensitivity,specificity
0.5625,0.9947403024326101,0.0,1.0
0.5714285714285714,0.9669044787950852,0.0,1.0
0.539906103286385,0.929192546583851,0.0,1.0
0.5422885572139303,0.9689868368568011,0.0,1.0
0.5714285714285714,0.9625850340136054,0.0,1.0
0.5575103606714917,0.9644818397363905,0.0,1.0
