acc,auc,sensitivity,specificity
0.5576923076923077,0.6854513008359162,0.13186813186813187,0.8888888888888888
0.6059113300492611,0.6748910027744749,0.1839080459770115,0.9224137931034483
0.5633802816901409,0.6382431233362911,0.09183673469387756,0.9652173913043478
0.5970149253731343,0.7154966094934185,0.1956521739130435,0.9357798165137615
0.6122448979591837,0.5610119047619048,0.14285714285714285,0.9642857142857143
0.5872487485528055,0.6550187882404012,0.14922444586184141,0.9353171208192321
