acc,auc,sensitivity,specificity
0.7916666666666666,0.6432748538011696,1.0,0.0
0.8857142857142857,0.780241935483871,1.0,0.0
0.8115942028985508,0.6840659340659341,1.0,0.0
0.7971014492753623,0.5129870129870129,1.0,0.0
0.8405797101449275,0.6410658307210031,1.0,0.0
0.8253312629399586,0.6523271134117982,1.0,0.0
