acc,auc,sensitivity,specificity
0.20833333333333334,0.7450292397660819,0.0,1.0
0.11428571428571428,0.8366935483870968,0.0,1.0
0.18840579710144928,0.7898351648351648,0.0,1.0
0.2028985507246377,0.7610389610389611,0.0,1.0
0.15942028985507245,0.7821316614420062,0.0,1.0
0.1746687370600414,0.7829457150938621,0.0,1.0
