acc,auc,sensitivity,specificity
0.6490384615384616,0.7005729313421621,0.2967032967032967,0.9230769230769231
0.5812807881773399,0.5627229488703923,0.3103448275862069,0.7844827586206896
0.5586854460093896,0.5905944986690329,0.2653061224489796,0.808695652173913
0.6069651741293532,0.6096928599920223,0.22826086956521738,0.926605504587156
0.6326530612244898,0.6918579931972789,0.3333333333333333,0.8571428571428571
0.6057245862158068,0.6310882464141777,0.2867896899274068,0.8600007391203078
