acc,auc,sensitivity,specificity
0.7115384615384616,0.800976800976801,0.5824175824175825,0.811965811965812
0.7339901477832512,0.8020214030915577,0.7241379310344828,0.7413793103448276
0.6901408450704225,0.7720496894409937,0.5918367346938775,0.7739130434782608
0.7014925373134329,0.778220981252493,0.6630434782608695,0.7339449541284404
0.7448979591836735,0.8237670068027211,0.7023809523809523,0.7767857142857143
0.7164119901778484,0.7954071763129132,0.652763335757553,0.7675977668406111
