acc,auc,sensitivity,specificity
0.5625,0.8216398985629754,0.0,1.0
0.5714285714285714,0.893380895759017,0.0,1.0
0.539906103286385,0.8617568766637089,0.0,1.0
0.5422885572139303,0.8569006781013163,0.0,1.0
0.5714285714285714,0.915497448979592,0.0,1.0
0.5575103606714917,0.869835159613322,0.0,1.0
