acc,auc,sensitivity,specificity
0.7916666666666666,0.7403508771929824,1.0,0.0
0.8857142857142857,0.6008064516129032,1.0,0.0
0.8115942028985508,0.5590659340659341,1.0,0.0
0.7971014492753623,0.7220779220779221,1.0,0.0
0.8405797101449275,0.4012539184952978,1.0,0.0
0.8253312629399586,0.604711020689008,1.0,0.0
