acc,auc,sensitivity,specificity
0.5625,0.9744528975298206,0.0,1.0
0.5714285714285714,0.97294887039239,0.0,1.0
0.539906103286385,0.9189884649511979,0.0,1.0
0.5422885572139303,0.968986836856801,0.0,1.0
0.5714285714285714,0.9436649659863946,0.0,1.0
0.5575103606714917,0.9558084071433208,0.0,1.0
