acc,auc,sensitivity,specificity
0.20833333333333334,0.783625730994152,0.0,1.0
0.11428571428571428,0.8266129032258065,0.0,1.0
0.18840579710144928,0.5645604395604396,0.0,1.0
0.2028985507246377,0.6363636363636364,0.0,1.0
0.15942028985507245,0.6943573667711598,0.0,1.0
0.1746687370600414,0.7011040153830388,0.0,1.0
