acc,auc,sensitivity,specificity
0.7916666666666666,0.5988304093567252,1.0,0.0
0.8857142857142857,0.719758064516129,1.0,0.0
0.8115942028985508,0.620879120879121,1.0,0.0
0.7971014492753623,0.7155844155844157,1.0,0.0
0.8405797101449275,0.6536050156739812,1.0,0.0
0.8253312629399586,0.6617314052020744,1.0,0.0
