acc,auc,sensitivity,specificity
0.7916666666666666,0.5415204678362573,1.0,0.0
0.8857142857142857,0.2278225806451613,1.0,0.0
0.8115942028985508,0.5357142857142857,1.0,0.0
0.7971014492753623,0.4545454545454546,1.0,0.0
0.8405797101449275,0.445141065830721,1.0,0.0
0.8253312629399586,0.4409487709143759,1.0,0.0
