acc,auc,sensitivity,specificity
0.20833333333333334,0.7730994152046784,0.0,1.0
0.11428571428571428,0.7883064516129032,0.0,1.0
0.18840579710144928,0.6510989010989011,0.0,1.0
0.2028985507246377,0.6662337662337663,0.0,1.0
0.15942028985507245,0.6442006269592476,0.0,1.0
0.1746687370600414,0.7045878322218994,0.0,1.0
