acc,auc,sensitivity,specificity
0.20833333333333334,0.7309941520467835,0.0,1.0
0.11428571428571428,0.8266129032258065,0.0,1.0
0.18840579710144928,0.6043956043956045,0.0,1.0
0.2028985507246377,0.6090909090909091,0.0,1.0
0.15942028985507245,0.7288401253918495,0.0,1.0
0.1746687370600414,0.6999867388301906,0.0,1.0
