acc,auc,sensitivity,specificity
0.9471153846153846,0.9861932938856015,0.9560439560439561,0.9401709401709402
0.8916256157635468,0.9676971858898137,0.9080459770114943,0.8793103448275862
0.8262910798122066,0.9188110026619344,0.8163265306122449,0.8347826086956521
0.900497512437811,0.9593139210211409,0.9347826086956522,0.8715596330275229
0.8367346938775511,0.9263392857142857,0.8452380952380952,0.8303571428571429
0.8804528573013,0.9516709378345553,0.8920874335202885,0.8712361339157688
