acc,auc,sensitivity,specificity
0.7916666666666666,0.7660818713450293,1.0,0.0
0.8857142857142857,0.3870967741935484,1.0,0.0
0.8115942028985508,0.5302197802197801,1.0,0.0
0.7971014492753623,0.5727272727272728,1.0,0.0
0.8405797101449275,0.49216300940438873,1.0,0.0
0.8253312629399586,0.5496577415780038,1.0,0.0
