acc,auc,sensitivity,specificity
0.20833333333333334,0.7426900584795322,0.0,1.0
0.11428571428571428,0.8850806451612903,0.0,1.0
0.18840579710144928,0.7967032967032968,0.0,1.0
0.2028985507246377,0.6714285714285715,0.0,1.0
0.15942028985507245,0.7680250783699059,0.0,1.0
0.1746687370600414,0.7727855300285194,0.0,1.0
