acc,auc,sensitivity,specificity
0.20833333333333334,0.7625730994152047,0.0,1.0
0.11428571428571428,0.6653225806451613,0.0,1.0
0.18840579710144928,0.6744505494505494,0.0,1.0
0.2028985507246377,0.6896103896103896,0.0,1.0
0.15942028985507245,0.7852664576802508,0.0,1.0
0.1746687370600414,0.7154446153603112,0.0,1.0
