acc,auc,sensitivity,specificity
0.7243589743589743,0.9100637991356246,0.0,1.0
0.7435897435897436,0.913146551724138,0.0,1.0
0.7307692307692307,0.9413116123642439,0.0,1.0
0.7115384615384616,0.9345345345345346,0.0,1.0
0.7435897435897436,0.9439655172413792,0.0,1.0
0.7307692307692308,0.9286044029999841,0.0,1.0
