acc,auc,sensitivity,specificity
0.7777777777777778,0.6596491228070175,0.8596491228070176,0.4666666666666667
0.8714285714285714,0.6713709677419355,0.9516129032258065,0.25
0.7971014492753623,0.7431318681318682,0.9285714285714286,0.23076923076923078
0.7536231884057971,0.6090909090909091,0.9090909090909091,0.14285714285714285
0.855072463768116,0.7241379310344828,0.9310344827586207,0.45454545454545453
0.811000690131125,0.6814761597612425,0.9159917692907567,0.30896769896769893
