acc,auc,sensitivity,specificity
0.7916666666666666,0.6456140350877193,1.0,0.0
0.8857142857142857,0.7580645161290323,1.0,0.0
0.8115942028985508,0.6840659340659341,1.0,0.0
0.7971014492753623,0.6220779220779221,1.0,0.0
0.8405797101449275,0.5329153605015674,1.0,0.0
0.8253312629399586,0.648547553572435,1.0,0.0
