acc,auc,sensitivity,specificity
0.7884615384615384,0.8721705644782568,0.7032967032967034,0.8547008547008547
0.6847290640394089,0.7871581450653984,0.7241379310344828,0.6551724137931034
0.7183098591549296,0.7873114463176575,0.673469387755102,0.7565217391304347
0.7064676616915423,0.8031511767052254,0.6521739130434783,0.7522935779816514
0.826530612244898,0.8818027210884354,0.7857142857142857,0.8571428571428571
0.7448997471184635,0.8263188107309947,0.7077584441688105,0.7751662885497803
