acc,auc,sensitivity,specificity
0.7916666666666666,0.6105263157894736,1.0,0.0
0.8857142857142857,0.5241935483870968,1.0,0.0
0.8115942028985508,0.6112637362637363,1.0,0.0
0.7971014492753623,0.5688311688311689,1.0,0.0
0.8405797101449275,0.4341692789968652,1.0,0.0
0.8253312629399586,0.5497968096536681,1.0,0.0
