acc,auc,sensitivity,specificity
0.7243589743589743,0.9304383618028401,0.0,1.0
0.7435897435897436,0.9273706896551726,0.0,1.0
0.7307692307692307,0.9484126984126984,0.0,1.0
0.7115384615384616,0.9339339339339339,0.0,1.0
0.7435897435897436,0.9355603448275862,0.0,1.0
0.7307692307692308,0.9351432057264463,0.0,1.0
