acc,auc,sensitivity,specificity
0.7243589743589743,0.9312615764560609,0.0,1.0
0.7435897435897436,0.9086206896551724,0.0,1.0
0.7307692307692307,0.9431913116123642,0.0,1.0
0.7115384615384616,0.9221221221221221,0.0,1.0
0.7435897435897436,0.9387931034482758,0.0,1.0
0.7307692307692308,0.9287977606587992,0.0,1.0
