acc,auc,sensitivity,specificity
0.8846153846153846,0.9265280922000412,0.6976744186046512,0.9557522123893806
0.8910256410256411,0.9493534482758621,0.6,0.9913793103448276
0.9102564102564102,0.9607351712614871,0.8095238095238095,0.9473684210526315
0.9102564102564102,0.9777777777777779,0.6888888888888889,1.0
0.8974358974358975,0.9325431034482758,0.8,0.9310344827586207
0.8987179487179487,0.9493875185926888,0.7192174234034698,0.965106885309092
