acc,auc,sensitivity,specificity
0.7243589743589743,0.5916855320024696,0.0,1.0
0.7435897435897436,0.6657327586206897,0.0,1.0
0.7307692307692307,0.6631161236424393,0.0,1.0
0.7115384615384616,0.7071071071071071,0.0,1.0
0.7435897435897436,0.6991379310344827,0.0,1.0
0.7307692307692308,0.6653558904814376,0.0,1.0
