acc,auc,sensitivity,specificity
0.7243589743589743,0.9121218357686767,0.0,1.0
0.7435897435897436,0.9209051724137931,0.0,1.0
0.7307692307692307,0.9550960735171261,0.0,1.0
0.7115384615384616,0.9303303303303303,0.0,1.0
0.7435897435897436,0.9426724137931034,0.0,1.0
0.7307692307692308,0.932225165164606,0.0,1.0
