acc,auc,sensitivity,specificity
0.7243589743589743,0.5955958016052685,0.0,1.0
0.7435897435897436,0.6609913793103448,0.0,1.0
0.7307692307692307,0.6631161236424393,0.0,1.0
0.7115384615384616,0.7029029029029029,0.0,1.0
0.7435897435897436,0.7071120689655173,0.0,1.0
0.7307692307692308,0.6659436552852946,0.0,1.0
