acc,auc,sensitivity,specificity
0.7980769230769231,0.9046679815910585,0.7142857142857143,0.8632478632478633
0.7733990147783252,0.8600871977804202,0.8390804597701149,0.7241379310344828
0.6431924882629108,0.7043478260869566,0.6428571428571429,0.6434782608695652
0.7761194029850746,0.8590945353011568,0.6521739130434783,0.8807339449541285
0.7346938775510204,0.815688775510204,0.7261904761904762,0.7410714285714286
0.7450963413308508,0.8287772632539593,0.7149175412293853,0.7705338857354936
