acc,auc,sensitivity,specificity
0.7243589743589743,0.9271455031899568,0.0,1.0
0.7435897435897436,0.9318965517241379,0.0,1.0
0.7307692307692307,0.9446532999164579,0.0,1.0
0.7115384615384616,0.9335335335335335,0.0,1.0
0.7435897435897436,0.9318965517241379,0.0,1.0
0.7307692307692308,0.9338250880176447,0.0,1.0
