acc,auc,sensitivity,specificity
0.7916666666666666,0.6631578947368421,1.0,0.0
0.8857142857142857,0.6350806451612904,1.0,0.0
0.8115942028985508,0.635989010989011,1.0,0.0
0.7971014492753623,0.6064935064935064,1.0,0.0
0.8405797101449275,0.579937304075235,1.0,0.0
0.8253312629399586,0.6241316722911769,1.0,0.0
