acc,auc,sensitivity,specificity
0.7243589743589743,0.7487137271043424,0.0,1.0
0.7435897435897436,0.7995689655172413,0.0,1.0
0.7307692307692307,0.8329156223893065,0.0,1.0
0.7115384615384616,0.8858858858858859,0.0,1.0
0.7435897435897436,0.8230603448275862,0.0,1.0
0.7307692307692308,0.8180289091448725,0.0,1.0
