acc,auc,sensitivity,specificity
0.7243589743589743,0.9351718460588598,0.0,1.0
0.7435897435897436,0.8310344827586207,0.0,1.0
0.7307692307692307,0.9216791979949874,0.0,1.0
0.7115384615384616,0.928928928928929,0.0,1.0
0.7435897435897436,0.9221982758620689,0.0,1.0
0.7307692307692308,0.9078025463206931,0.0,1.0
