acc,auc,sensitivity,specificity
0.7243589743589743,0.8526445770734719,0.0,1.0
0.7435897435897436,0.843103448275862,0.0,1.0
0.7307692307692307,0.9223057644110275,0.0,1.0
0.7115384615384616,0.9221221221221222,0.0,1.0
0.7435897435897436,0.8935344827586207,0.0,1.0
0.7307692307692308,0.8867420789282209,0.0,1.0
