acc,auc,sensitivity,specificity
0.7948717948717948,0.744186046511628,0.3488372093023256,0.9646017699115044
0.8333333333333334,0.7676724137931035,0.4,0.9827586206896551
0.8461538461538461,0.8253968253968255,0.47619047619047616,0.9824561403508771
0.7948717948717948,0.8558558558558559,0.35555555555555557,0.972972972972973
0.782051282051282,0.8372844827586207,0.425,0.9051724137931034
0.8102564102564103,0.8060791248632068,0.40111664820967147,0.9615923835436225
