acc,auc,sensitivity,specificity
0.7243589743589743,0.9321876929409343,0.0,1.0
0.7435897435897436,0.8879310344827586,0.0,1.0
0.7307692307692307,0.9424603174603174,0.0,1.0
0.7115384615384616,0.9351351351351352,0.0,1.0
0.7435897435897436,0.9217672413793104,0.0,1.0
0.7307692307692308,0.9238962842796912,0.0,1.0
