acc,auc,sensitivity,specificity
0.5625,0.5915281299896685,0.0,1.0
0.5714285714285714,0.6750891795481571,0.0,1.0
0.539906103286385,0.6402839396628217,0.0,1.0
0.5422885572139303,0.5843637814120463,0.0,1.0
0.5714285714285714,0.658375850340136,0.0,1.0
0.5575103606714917,0.629928176190566,0.0,1.0
