acc,auc,sensitivity,specificity
0.7243589743589743,0.9170611236880016,0.0,1.0
0.7435897435897436,0.9157327586206897,0.0,1.0
0.7307692307692307,0.9507101086048454,0.0,1.0
0.7115384615384616,0.9545545545545546,0.0,1.0
0.7435897435897436,0.91875,0.0,1.0
0.7307692307692308,0.9313617090936182,0.0,1.0
