acc,auc,sensitivity,specificity
0.5625,0.8357283741899127,0.0,1.0
0.5714285714285714,0.9349980182322633,0.0,1.0
0.539906103286385,0.8586512866015972,0.0,1.0
0.5422885572139303,0.8303749501396089,0.0,1.0
0.5714285714285714,0.8957270408163266,0.0,1.0
0.5575103606714917,0.8710959339959417,0.0,1.0
