acc,auc,sensitivity,specificity
0.7243589743589743,0.5916855320024696,0.0,1.0
0.7435897435897436,0.663146551724138,0.0,1.0
0.7307692307692307,0.6639515455304928,0.0,1.0
0.7115384615384616,0.7041041041041042,0.0,1.0
0.7435897435897436,0.7008620689655173,0.0,1.0
0.7307692307692308,0.6647499604653444,0.0,1.0
