acc,auc,sensitivity,specificity
0.5625,0.9793369024138254,0.0,1.0
0.5714285714285714,0.9072532699167657,0.0,1.0
0.539906103286385,0.7825199645075422,0.0,1.0
0.5422885572139303,0.8526126844834463,0.0,1.0
0.5714285714285714,0.946109693877551,0.0,1.0
0.5575103606714917,0.8935665030398262,0.0,1.0
