acc,auc,sensitivity,specificity
0.7916666666666666,0.5894736842105264,1.0,0.0
0.8857142857142857,0.6975806451612903,1.0,0.0
0.8115942028985508,0.5673076923076923,1.0,0.0
0.7971014492753623,0.7584415584415585,1.0,0.0
0.8405797101449275,0.45611285266457685,1.0,0.0
0.8253312629399586,0.6137832865571288,1.0,0.0
