acc,auc,sensitivity,specificity
0.7243589743589743,0.8376209096521918,0.0,1.0
0.7435897435897436,0.8545258620689655,0.0,1.0
0.7307692307692307,0.9212614870509607,0.0,1.0
0.7115384615384616,0.9147147147147147,0.0,1.0
0.7435897435897436,0.8762931034482758,0.0,1.0
0.7307692307692308,0.8808832153870216,0.0,1.0
