acc,auc,sensitivity,specificity
0.5625,0.9902319902319903,0.0,1.0
0.5714285714285714,0.9596710265556876,0.0,1.0
0.539906103286385,0.933362910381544,0.0,1.0
0.5422885572139303,0.9679896290386916,0.0,1.0
0.5714285714285714,0.9589710884353742,0.0,1.0
0.5575103606714917,0.9620453289286577,0.0,1.0
