acc,auc,sensitivity,specificity
0.5625,0.9841269841269842,0.0,1.0
0.5714285714285714,0.9161712247324614,0.0,1.0
0.539906103286385,0.8501330967169477,0.0,1.0
0.5422885572139303,0.8489230155564419,0.0,1.0
0.5714285714285714,0.9225127551020409,0.0,1.0
0.5575103606714917,0.9043734152469753,0.0,1.0
