acc,auc,sensitivity,specificity
0.7916666666666666,0.7157894736842105,1.0,0.0
0.8857142857142857,0.564516129032258,1.0,0.0
0.8115942028985508,0.5618131868131868,1.0,0.0
0.7971014492753623,0.6298701298701299,1.0,0.0
0.8405797101449275,0.6614420062695925,1.0,0.0
0.8253312629399586,0.6266861851338755,1.0,0.0
