acc,auc,sensitivity,specificity
0.7243589743589743,0.9302325581395348,0.0,1.0
0.7435897435897436,0.9275862068965517,0.0,1.0
0.7307692307692307,0.9456975772765246,0.0,1.0
0.7115384615384616,0.8966966966966967,0.0,1.0
0.7435897435897436,0.9241379310344827,0.0,1.0
0.7307692307692308,0.9248701940087581,0.0,1.0
