acc,auc,sensitivity,specificity
0.8194444444444444,0.7134502923976609,0.9298245614035088,0.4
0.9,0.7641129032258065,1.0,0.125
0.855072463768116,0.7788461538461539,1.0,0.23076923076923078
0.7681159420289855,0.6896103896103896,0.9454545454545454,0.07142857142857142
0.8695652173913043,0.7523510971786833,0.9827586206896551,0.2727272727272727
0.84243961352657,0.7396741672517388,0.9716075455095418,0.21998501498501496
