acc,auc,sensitivity,specificity
0.9423076923076923,0.9908894524279139,0.9340659340659341,0.9487179487179487
0.9014778325123153,0.9695798652397939,0.9195402298850575,0.8879310344827587
0.8544600938967136,0.9157941437444542,0.8367346938775511,0.8695652173913043
0.8955223880597015,0.9444555245313123,0.9130434782608695,0.8807339449541285
0.8469387755102041,0.9344175170068028,0.8452380952380952,0.8482142857142857
0.8881413564573253,0.9510273005900555,0.8897244862655015,0.8870324862520851
