acc,auc,sensitivity,specificity
0.5625,0.9874142951066028,0.0,1.0
0.5714285714285714,0.973047958779231,0.0,1.0
0.539906103286385,0.9314108251996451,0.0,1.0
0.5422885572139303,0.9620063821300359,0.0,1.0
0.5714285714285714,0.9572704081632654,0.0,1.0
0.5575103606714917,0.962229973875756,0.0,1.0
