acc,auc,sensitivity,specificity
0.7243589743589743,0.9211771969541058,0.0,1.0
0.7435897435897436,0.9278017241379309,0.0,1.0
0.7307692307692307,0.9438178780284043,0.0,1.0
0.7115384615384616,0.9389389389389389,0.0,1.0
0.7435897435897436,0.874353448275862,0.0,1.0
0.7307692307692308,0.9212178372670484,0.0,1.0
