acc,auc,sensitivity,specificity
0.7243589743589743,0.9213830006174111,0.0,1.0
0.7435897435897436,0.9226293103448276,0.0,1.0
0.7307692307692307,0.923141186299081,0.0,1.0
0.7115384615384616,0.9131131131131132,0.0,1.0
0.7435897435897436,0.91875,0.0,1.0
0.7307692307692308,0.9198033220748865,0.0,1.0
