acc,auc,sensitivity,specificity
0.5625,0.9662815816661972,0.0,1.0
0.5714285714285714,0.9163694015061434,0.0,1.0
0.539906103286385,0.8464063886424135,0.0,1.0
0.5422885572139303,0.8772437175907459,0.0,1.0
0.5714285714285714,0.9384566326530612,0.0,1.0
0.5575103606714917,0.9089515444117122,0.0,1.0
