acc,auc,sensitivity,specificity
0.7777777777777778,0.7192982456140351,0.8771929824561403,0.4
0.8714285714285714,0.7379032258064516,0.967741935483871,0.125
0.8115942028985508,0.7678571428571429,1.0,0.0
0.7681159420289855,0.6766233766233767,0.9454545454545454,0.07142857142857142
0.8115942028985508,0.7366771159874608,0.9482758620689655,0.09090909090909091
0.8081021394064873,0.7276718213776934,0.9477330650927044,0.13746753246753246
