acc,auc,sensitivity,specificity
0.5625,0.9922043768197615,0.0,1.0
0.5714285714285714,0.9657154181529924,0.0,1.0
0.539906103286385,0.942768411712511,0.0,1.0
0.5422885572139303,0.9627044276027124,0.0,1.0
0.5714285714285714,0.9471726190476191,0.0,1.0
0.5575103606714917,0.9621130506671193,0.0,1.0
