acc,auc,sensitivity,specificity
0.5625,0.591340283647976,0.0,1.0
0.5714285714285714,0.6707292905271501,0.0,1.0
0.539906103286385,0.6410825199645076,0.0,1.0
0.5422885572139303,0.5842640606302354,0.0,1.0
0.5714285714285714,0.6540178571428572,0.0,1.0
0.5575103606714917,0.6282868023825452,0.0,1.0
