acc,auc,sensitivity,specificity
0.7307692307692307,0.7552994443301091,0.023255813953488372,1.0
0.7692307692307693,0.771551724137931,0.1,1.0
0.7628205128205128,0.8510860484544696,0.11904761904761904,1.0
0.717948717948718,0.8414414414414414,0.022222222222222223,1.0
0.7756410256410257,0.8372844827586208,0.125,1.0
0.7512820512820513,0.8113326282245144,0.07790513104466593,1.0
