acc,auc,sensitivity,specificity
0.7916666666666666,0.7766081871345029,1.0,0.0
0.8857142857142857,0.6774193548387097,1.0,0.0
0.8115942028985508,0.4876373626373626,1.0,0.0
0.7971014492753623,0.6779220779220779,1.0,0.0
0.8405797101449275,0.48902821316614425,1.0,0.0
0.8253312629399586,0.6217230391397595,1.0,0.0
