acc,auc,sensitivity,specificity
0.5625,0.9918286841363765,0.0,1.0
0.5714285714285714,0.9729488703923901,0.0,1.0
0.539906103286385,0.9321206743566991,0.0,1.0
0.5422885572139303,0.9682887913841245,0.0,1.0
0.5714285714285714,0.9575892857142857,0.0,1.0
0.5575103606714917,0.9645552611967751,0.0,1.0
