acc,auc,sensitivity,specificity
0.7777777777777778,0.6923976608187133,0.8771929824561403,0.4
0.8571428571428571,0.625,0.9354838709677419,0.25
0.8260869565217391,0.8145604395604396,0.9821428571428571,0.15384615384615385
0.7681159420289855,0.5935064935064935,0.8909090909090909,0.2857142857142857
0.8840579710144928,0.7460815047021944,0.9655172413793104,0.45454545454545453
0.8226363008971704,0.6943092197175682,0.9302492085710281,0.3088211788211789
