acc,auc,sensitivity,specificity
0.7916666666666666,0.6105263157894736,1.0,0.0
0.8857142857142857,0.5685483870967742,1.0,0.0
0.8115942028985508,0.7293956043956044,1.0,0.0
0.7971014492753623,0.6142857142857143,1.0,0.0
0.8405797101449275,0.6755485893416928,1.0,0.0
0.8253312629399586,0.6396609221818519,1.0,0.0
