acc,auc,sensitivity,specificity
0.20833333333333334,0.6935672514619882,0.0,1.0
0.11428571428571428,0.8125,0.0,1.0
0.18840579710144928,0.6936813186813187,0.0,1.0
0.2028985507246377,0.6779220779220778,0.0,1.0
0.15942028985507245,0.7037617554858935,0.0,1.0
0.1746687370600414,0.7162864807102556,0.0,1.0
