acc,auc,sensitivity,specificity
0.7916666666666666,0.6432748538011696,1.0,0.0
0.8857142857142857,0.49193548387096775,1.0,0.0
0.8115942028985508,0.6428571428571429,1.0,0.0
0.7971014492753623,0.6662337662337663,1.0,0.0
0.8405797101449275,0.5156739811912225,1.0,0.0
0.8253312629399586,0.5919950455908538,1.0,0.0
