acc,auc,sensitivity,specificity
0.9423076923076923,0.9899502207194515,0.945054945054945,0.9401709401709402
0.896551724137931,0.9673999207292905,0.9310344827586207,0.8706896551724138
0.8685446009389671,0.9259094942324755,0.8673469387755102,0.8695652173913043
0.900497512437811,0.9510370961308336,0.9347826086956522,0.8715596330275229
0.8469387755102041,0.9346301020408163,0.8809523809523809,0.8214285714285714
0.890968061066521,0.9537853667705735,0.9118342712474219,0.8746828034381504
