acc,auc,sensitivity,specificity
0.7243589743589743,0.8542910063799136,0.0,1.0
0.7435897435897436,0.8165948275862069,0.0,1.0
0.7307692307692307,0.9220969089390142,0.0,1.0
0.7115384615384616,0.9083083083083082,0.0,1.0
0.75,0.9000000000000001,0.025,1.0
0.7320512820512821,0.8802582102426886,0.005,1.0
