acc,auc,sensitivity,specificity
0.8557692307692307,0.9283366206443129,0.7802197802197802,0.9145299145299145
0.7438423645320197,0.81529924692826,0.8160919540229885,0.6896551724137931
0.6619718309859155,0.7529724933451641,0.5714285714285714,0.7391304347826086
0.7313432835820896,0.8071400079776625,0.6521739130434783,0.7981651376146789
0.7551020408163265,0.8088860544217689,0.7023809523809523,0.7946428571428571
0.7496057501371164,0.8225268846634336,0.7044590342191542,0.7872247032967704
