acc,auc,sensitivity,specificity
0.7243589743589743,0.9187075529944432,0.0,1.0
0.7435897435897436,0.9364224137931035,0.0,1.0
0.7307692307692307,0.9141604010025062,0.0,1.0
0.7115384615384616,0.9355355355355356,0.0,1.0
0.7435897435897436,0.9407327586206896,0.0,1.0
0.7307692307692308,0.9291117323892557,0.0,1.0
