acc,auc,sensitivity,specificity
0.5625,0.9798065182680568,0.0,1.0
0.5714285714285714,0.9711652794292509,0.0,1.0
0.539906103286385,0.9061224489795918,0.0,1.0
0.5422885572139303,0.9692859992022338,0.0,1.0
0.5714285714285714,0.9544005102040817,0.0,1.0
0.5575103606714917,0.956156151216643,0.0,1.0
