acc,auc,sensitivity,specificity
0.5625,0.9913590682821452,0.0,1.0
0.5714285714285714,0.9570947284978201,0.0,1.0
0.539906103286385,0.9376220053238687,0.0,1.0
0.5422885572139303,0.9680893498205025,0.0,1.0
0.5714285714285714,0.9613095238095238,0.0,1.0
0.5575103606714917,0.963094935146772,0.0,1.0
