acc,auc,sensitivity,specificity
0.9423076923076923,0.9910772987696065,0.967032967032967,0.9230769230769231
0.9014778325123153,0.9629409433214428,0.9425287356321839,0.8706896551724138
0.8450704225352113,0.9244010647737355,0.826530612244898,0.8608695652173913
0.8756218905472637,0.9367770243318707,0.8586956521739131,0.8899082568807339
0.8673469387755102,0.9370748299319729,0.8690476190476191,0.8660714285714286
0.8863649553355983,0.9504542322257257,0.8927671172263162,0.8821231657837781
