acc,auc,sensitivity,specificity
0.7916666666666666,0.632748538011696,1.0,0.0
0.8857142857142857,0.6008064516129032,1.0,0.0
0.8115942028985508,0.7293956043956045,1.0,0.0
0.7971014492753623,0.6948051948051948,1.0,0.0
0.8405797101449275,0.6159874608150471,1.0,0.0
0.8253312629399586,0.6547486499280891,1.0,0.0
