acc,auc,sensitivity,specificity
0.7884615384615384,0.8661594815440969,0.6813186813186813,0.8717948717948718
0.7586206896551724,0.8351169242964724,0.7586206896551724,0.7586206896551724
0.6948356807511737,0.7735581188997338,0.5918367346938775,0.782608695652174
0.7512437810945274,0.8264858396489828,0.6847826086956522,0.8073394495412844
0.7653061224489796,0.8213222789115646,0.7261904761904762,0.7946428571428571
0.7516935624822784,0.8245285286601701,0.688549838110772,0.8030013127572719
