acc,auc,sensitivity,specificity
0.20833333333333334,0.7590643274853801,0.0,1.0
0.11428571428571428,0.8487903225806451,0.0,1.0
0.18840579710144928,0.5824175824175823,0.0,1.0
0.2028985507246377,0.6233766233766234,0.0,1.0
0.15942028985507245,0.6880877742946708,0.0,1.0
0.1746687370600414,0.7003473260309805,0.0,1.0
