acc,auc,sensitivity,specificity
0.5625,0.9915469146238377,0.0,1.0
0.5714285714285714,0.9728497820055488,0.0,1.0
0.539906103286385,0.9334516415261757,0.0,1.0
0.5422885572139303,0.9625049860390905,0.0,1.0
0.5714285714285714,0.9584396258503401,0.0,1.0
0.5575103606714917,0.9637585900089984,0.0,1.0
