acc,auc,sensitivity,specificity
0.7916666666666666,0.6350877192982455,1.0,0.0
0.8857142857142857,0.5745967741935485,1.0,0.0
0.8115942028985508,0.7651098901098901,1.0,0.0
0.7971014492753623,0.6090909090909091,1.0,0.0
0.8405797101449275,0.6692789968652038,1.0,0.0
0.8253312629399586,0.6506328579115594,1.0,0.0
