acc,auc,sensitivity,specificity
0.7243589743589743,0.7312204157233999,0.0,1.0
0.7435897435897436,0.6993534482758621,0.0,1.0
0.7307692307692307,0.7401837928153717,0.0,1.0
0.7115384615384616,0.7725725725725725,0.0,1.0
0.7435897435897436,0.7454741379310346,0.0,1.0
0.7307692307692308,0.7377608734636482,0.0,1.0
