acc,auc,sensitivity,specificity
0.7243589743589743,0.4620292241201893,0.0,1.0
0.7435897435897436,0.6497844827586207,0.0,1.0
0.7307692307692307,0.7412280701754387,0.0,1.0
0.7115384615384616,0.6756756756756757,0.0,1.0
0.7435897435897436,0.6625,0.0,1.0
0.7307692307692308,0.6382434905459848,0.0,1.0
