acc,auc,sensitivity,specificity
0.7243589743589743,0.6840913768265076,0.0,1.0
0.7435897435897436,0.7088362068965518,0.0,1.0
0.7435897435897436,0.737468671679198,0.047619047619047616,1.0
0.7243589743589743,0.7093093093093092,0.044444444444444446,1.0
0.75,0.7461206896551725,0.025,1.0
0.7371794871794872,0.7171652508733478,0.023412698412698413,1.0
