acc,auc,sensitivity,specificity
0.20833333333333334,0.7426900584795321,0.0,1.0
0.11428571428571428,0.8044354838709677,0.0,1.0
0.18840579710144928,0.7307692307692308,0.0,1.0
0.2028985507246377,0.6571428571428573,0.0,1.0
0.15942028985507245,0.768025078369906,0.0,1.0
0.1746687370600414,0.7406125417264988,0.0,1.0
