acc,auc,sensitivity,specificity
0.20833333333333334,0.6760233918128655,0.0,1.0
0.11428571428571428,0.8689516129032258,0.0,1.0
0.18840579710144928,0.7541208791208792,0.0,1.0
0.2028985507246377,0.7298701298701298,0.0,1.0
0.15942028985507245,0.7241379310344829,0.0,1.0
0.1746687370600414,0.7506207889483166,0.0,1.0
