acc,auc,sensitivity,specificity
0.5625,0.9922043768197614,0.0,1.0
0.5714285714285714,0.9646254458977407,0.0,1.0
0.539906103286385,0.9330079858030168,0.0,1.0
0.5422885572139303,0.9696848823294775,0.0,1.0
0.5714285714285714,0.9596088435374149,0.0,1.0
0.5575103606714917,0.9638263068774823,0.0,1.0
