acc,auc,sensitivity,specificity
0.20833333333333334,0.687719298245614,0.0,1.0
0.11428571428571428,0.7116935483870968,0.0,1.0
0.18840579710144928,0.5865384615384616,0.0,1.0
0.2028985507246377,0.735064935064935,0.0,1.0
0.15942028985507245,0.7288401253918495,0.0,1.0
0.1746687370600414,0.6899712737255914,0.0,1.0
