acc,auc,sensitivity,specificity
0.8557692307692307,0.9319996243073165,0.8021978021978022,0.8974358974358975
0.7536945812807881,0.8123265953230281,0.8390804597701149,0.6896551724137931
0.6572769953051644,0.7539485359361134,0.5510204081632653,0.7478260869565218
0.736318407960199,0.8119266055045872,0.6521739130434783,0.8073394495412844
0.75,0.8152636054421769,0.7380952380952381,0.7589285714285714
0.7506118430630764,0.8250929933026445,0.7165135642539798,0.7802370355552137
