acc,auc,sensitivity,specificity
0.7243589743589743,0.9333196130891129,0.0,1.0
0.7435897435897436,0.9155172413793103,0.0,1.0
0.7307692307692307,0.9427736006683375,0.0,1.0
0.7115384615384616,0.9491491491491492,0.0,1.0
0.7435897435897436,0.9200431034482759,0.0,1.0
0.7307692307692308,0.9321605415468373,0.0,1.0
