acc,auc,sensitivity,specificity
0.7243589743589743,0.6927351306853262,0.0,1.0
0.75,0.6952586206896552,0.025,1.0
0.7307692307692307,0.7537593984962406,0.0,1.0
0.717948717948718,0.7199199199199199,0.022222222222222223,1.0
0.7628205128205128,0.7418103448275862,0.075,1.0
0.7371794871794872,0.7206966829237456,0.024444444444444442,1.0
