acc,auc,sensitivity,specificity
0.20833333333333334,0.6842105263157895,0.0,1.0
0.11428571428571428,0.8387096774193549,0.0,1.0
0.18840579710144928,0.6634615384615384,0.0,1.0
0.2028985507246377,0.7324675324675325,0.0,1.0
0.15942028985507245,0.6269592476489028,0.0,1.0
0.1746687370600414,0.7091617044626236,0.0,1.0
