acc,auc,sensitivity,specificity
0.7243589743589743,0.9366124717019962,0.0,1.0
0.7435897435897436,0.9217672413793103,0.0,1.0
0.7307692307692307,0.9421470342522974,0.0,1.0
0.7115384615384616,0.9435435435435435,0.0,1.0
0.7435897435897436,0.8788793103448276,0.0,1.0
0.7307692307692308,0.9245899202443951,0.0,1.0
