acc,auc,sensitivity,specificity
0.8846153846153846,0.9300267544762296,0.7441860465116279,0.9380530973451328
0.8717948717948718,0.9418103448275862,0.55,0.9827586206896551
0.8717948717948718,0.9542606516290728,0.7142857142857143,0.9298245614035088
0.9166666666666666,0.9659659659659661,0.7777777777777778,0.972972972972973
0.9102564102564102,0.9331896551724138,0.85,0.9310344827586207
0.8910256410256411,0.9450506744142537,0.727249907715024,0.9509287470339782
