acc,auc,sensitivity,specificity
0.8782051282051282,0.9170611236880016,0.7674418604651163,0.9203539823008849
0.8846153846153846,0.9420258620689655,0.6,0.9827586206896551
0.8782051282051282,0.9605263157894737,0.7619047619047619,0.9210526315789473
0.9166666666666666,0.964964964964965,0.7777777777777778,0.972972972972973
0.8910256410256411,0.9150862068965517,0.8,0.9224137931034483
0.8897435897435898,0.9399328946815915,0.7414248800295311,0.9439104001291817
