acc,auc,sensitivity,specificity
0.7243589743589743,0.4634698497633257,0.0,1.0
0.7435897435897436,0.6280172413793104,0.0,1.0
0.7307692307692307,0.7364243943191312,0.0,1.0
0.7115384615384616,0.6612612612612612,0.0,1.0
0.7435897435897436,0.6489224137931033,0.0,1.0
0.7307692307692308,0.6276190321032263,0.0,1.0
