acc,auc,sensitivity,specificity
0.8076923076923077,0.905607213299521,0.7692307692307693,0.8376068376068376
0.8078817733990148,0.8751486325802617,0.896551724137931,0.7413793103448276
0.6901408450704225,0.7574977817213842,0.6326530612244898,0.7391304347826086
0.7562189054726368,0.8682688472277622,0.6739130434782609,0.8256880733944955
0.7397959183673469,0.8166454081632653,0.8214285714285714,0.6785714285714286
0.7603459500003458,0.8446335765984389,0.7587554339000044,0.7644752169400396
