acc,auc,sensitivity,specificity
0.8846153846153846,0.9201481786375798,0.7209302325581395,0.9469026548672567
0.8782051282051282,0.9553879310344827,0.6,0.9741379310344828
0.9102564102564102,0.9626148705096074,0.8571428571428571,0.9298245614035088
0.9294871794871795,0.9681681681681681,0.7555555555555555,1.0
0.8653846153846154,0.9258620689655173,0.7,0.9224137931034483
0.8935897435897434,0.9464362434630711,0.7267257290513104,0.9546557880817392
