acc,auc,sensitivity,specificity
0.8782051282051282,0.9267338958633464,0.7674418604651163,0.9203539823008849
0.8846153846153846,0.9385775862068966,0.6,0.9827586206896551
0.9230769230769231,0.9674185463659148,0.8333333333333334,0.956140350877193
0.9294871794871795,0.9645645645645646,0.7777777777777778,0.990990990990991
0.8974358974358975,0.9249999999999999,0.75,0.9482758620689655
0.9025641025641027,0.9444589186001446,0.7457105943152456,0.9597039613855379
