acc,auc,sensitivity,specificity
0.20833333333333334,0.6444444444444444,0.0,1.0
0.11428571428571428,0.7379032258064516,0.0,1.0
0.18840579710144928,0.8159340659340659,0.0,1.0
0.2028985507246377,0.7584415584415585,0.0,1.0
0.15942028985507245,0.786833855799373,0.0,1.0
0.1746687370600414,0.7487114300851786,0.0,1.0
