acc,auc,sensitivity,specificity
0.7916666666666666,0.47134502923976607,1.0,0.0
0.8857142857142857,0.7076612903225807,1.0,0.0
0.8115942028985508,0.5975274725274725,1.0,0.0
0.7971014492753623,0.6727272727272727,1.0,0.0
0.8405797101449275,0.40909090909090906,1.0,0.0
0.8253312629399586,0.5716703947816002,1.0,0.0
