acc,auc,sensitivity,specificity
0.7916666666666666,0.5251461988304094,1.0,0.0
0.8857142857142857,0.23588709677419356,1.0,0.0
0.8115942028985508,0.5068681318681318,1.0,0.0
0.7971014492753623,0.4740259740259741,1.0,0.0
0.8405797101449275,0.40282131661442006,1.0,0.0
0.8253312629399586,0.4289497436226258,1.0,0.0
