acc,auc,sensitivity,specificity
0.7836538461538461,0.8660655583732506,0.7472527472527473,0.811965811965812
0.7931034482758621,0.8595917558462148,0.8390804597701149,0.7586206896551724
0.6948356807511737,0.780656610470275,0.673469387755102,0.7130434782608696
0.7114427860696517,0.8043478260869565,0.5869565217391305,0.8165137614678899
0.7704081632653061,0.8621386054421768,0.7023809523809523,0.8214285714285714
0.7506887849031679,0.8345600712437747,0.7098280137796094,0.784314462555663
