acc,auc,sensitivity,specificity
0.7371794871794872,0.7009672772175344,0.13953488372093023,0.9646017699115044
0.7628205128205128,0.7008620689655172,0.1,0.9913793103448276
0.7371794871794872,0.7700501253132833,0.07142857142857142,0.9824561403508771
0.717948717948718,0.777977977977978,0.022222222222222223,1.0
0.75,0.6349137931034483,0.075,0.9827586206896551
0.7410256410256411,0.7169542485155522,0.08163713547434477,0.9842391682593729
