acc,auc,sensitivity,specificity
0.8076923076923077,0.9064525218371373,0.7582417582417582,0.8461538461538461
0.7980295566502463,0.8830757035275466,0.8505747126436781,0.7586206896551724
0.6948356807511737,0.7657497781721384,0.6326530612244898,0.7478260869565218
0.7412935323383084,0.8744515357000399,0.6739130434782609,0.7981651376146789
0.75,0.8083545918367347,0.7619047619047619,0.7410714285714286
0.7583702154864073,0.8476168262147195,0.7354574674985898,0.7783674377903296
