acc,auc,sensitivity,specificity
0.75,0.6643342251492077,0.20930232558139536,0.9557522123893806
0.7884615384615384,0.7674568965517242,0.2,0.9913793103448276
0.8205128205128205,0.7704678362573101,0.38095238095238093,0.9824561403508771
0.8269230769230769,0.8806806806806807,0.4666666666666667,0.972972972972973
0.7948717948717948,0.7963362068965518,0.375,0.9396551724137931
0.796153846153846,0.7758551691070948,0.32638427464008857,0.9684431616943702
