acc,auc,sensitivity,specificity
0.7243589743589743,0.4583247581806956,0.0,1.0
0.7435897435897436,0.6368534482758621,0.0,1.0
0.7307692307692307,0.734544695071011,0.0,1.0
0.7115384615384616,0.6886886886886887,0.0,1.0
0.7435897435897436,0.6594827586206897,0.0,1.0
0.7307692307692308,0.6355788697673894,0.0,1.0
