acc,auc,sensitivity,specificity
0.5625,0.9944585329200714,0.0,1.0
0.5714285714285714,0.9693816884661117,0.0,1.0
0.539906103286385,0.9242236024844721,0.0,1.0
0.5422885572139303,0.9602114080574391,0.0,1.0
0.5714285714285714,0.9625850340136054,0.0,1.0
0.5575103606714917,0.96217205318834,0.0,1.0
