acc,auc,sensitivity,specificity
0.7916666666666666,0.5076023391812865,1.0,0.0
0.8857142857142857,0.3245967741935484,1.0,0.0
0.8115942028985508,0.5563186813186813,1.0,0.0
0.7971014492753623,0.5181818181818181,1.0,0.0
0.8405797101449275,0.54858934169279,1.0,0.0
0.8253312629399586,0.4910577909136248,1.0,0.0
