acc,auc,sensitivity,specificity
0.7371794871794872,0.6593949372298827,0.16279069767441862,0.9557522123893806
0.7307692307692307,0.7146551724137931,0.075,0.9568965517241379
0.7692307692307693,0.7172096908939014,0.2619047619047619,0.956140350877193
0.7692307692307693,0.7317317317317318,0.26666666666666666,0.972972972972973
0.7884615384615384,0.7670258620689655,0.25,0.9741379310344828
0.7589743589743589,0.718003478867655,0.20327242524916941,0.9631800037996335
