acc,auc,sensitivity,specificity
0.5625,0.9916408377946839,0.0,1.0
0.5714285714285714,0.9685889813713833,0.0,1.0
0.539906103286385,0.9369121561668146,0.0,1.0
0.5422885572139303,0.9614080574391702,0.0,1.0
0.5714285714285714,0.9673681972789115,0.0,1.0
0.5575103606714917,0.9651836460101928,0.0,1.0
