acc,auc,sensitivity,specificity
0.7916666666666666,0.5157894736842106,1.0,0.0
0.8857142857142857,0.2439516129032258,1.0,0.0
0.8115942028985508,0.5315934065934066,1.0,0.0
0.7971014492753623,0.4675324675324676,1.0,0.0
0.8405797101449275,0.4435736677115988,1.0,0.0
0.8253312629399586,0.44048812568498186,1.0,0.0
