acc,auc,sensitivity,specificity
0.7916666666666666,0.5941520467836258,1.0,0.0
0.8857142857142857,0.7056451612903225,1.0,0.0
0.8115942028985508,0.6442307692307692,1.0,0.0
0.7971014492753623,0.6987012987012986,1.0,0.0
0.8405797101449275,0.6316614420062695,1.0,0.0
0.8253312629399586,0.6548781436024571,1.0,0.0
