acc,auc,sensitivity,specificity
0.20833333333333334,0.6269005847953216,0.0,1.0
0.11428571428571428,0.715725806451613,0.0,1.0
0.18840579710144928,0.5645604395604396,0.0,1.0
0.2028985507246377,0.7636363636363637,0.0,1.0
0.15942028985507245,0.6739811912225705,0.0,1.0
0.1746687370600414,0.6689608771332617,0.0,1.0
