acc,auc,sensitivity,specificity
0.7243589743589743,0.6822391438567607,0.13953488372093023,0.9469026548672567
0.7564102564102564,0.7144396551724138,0.125,0.9741379310344828
0.7628205128205128,0.7445697577276525,0.2619047619047619,0.9473684210526315
0.7628205128205128,0.765965965965966,0.24444444444444444,0.972972972972973
0.782051282051282,0.7383620689655173,0.225,0.9741379310344828
0.7576923076923077,0.729115318337662,0.1991768180140273,0.9631039821923654
