acc,auc,sensitivity,specificity
0.7307692307692307,0.7349248816628936,0.046511627906976744,0.9911504424778761
0.7692307692307693,0.7799568965517242,0.1,1.0
0.75,0.8379281537176274,0.07142857142857142,1.0
0.717948717948718,0.8542542542542544,0.022222222222222223,1.0
0.7948717948717948,0.8267241379310345,0.2,1.0
0.7525641025641026,0.8067576648235069,0.08803248431155408,0.9982300884955752
