acc,auc,sensitivity,specificity
0.20833333333333334,0.7333333333333333,0.0,1.0
0.11428571428571428,0.6955645161290323,0.0,1.0
0.18840579710144928,0.7431318681318682,0.0,1.0
0.2028985507246377,0.6519480519480519,0.0,1.0
0.15942028985507245,0.5,0.0,1.0
0.1746687370600414,0.6647955539084571,0.0,1.0
