acc,auc,sensitivity,specificity
0.8605769230769231,0.9333145486991641,0.8021978021978022,0.905982905982906
0.8029556650246306,0.82183908045977,0.8160919540229885,0.7931034482758621
0.6901408450704225,0.7571428571428571,0.6428571428571429,0.7304347826086957
0.7213930348258707,0.8031511767052253,0.6630434782608695,0.7706422018348624
0.7602040816326531,0.8022959183673469,0.7142857142857143,0.7946428571428571
0.7670541099260999,0.8235487162748727,0.7276952183249035,0.7989612391690366
