acc,auc,sensitivity,specificity
0.6634615384615384,0.7094956325725557,0.31868131868131866,0.9316239316239316
0.6009852216748769,0.5862068965517241,0.3563218390804598,0.7844827586206896
0.5727699530516432,0.5823425022182785,0.3163265306122449,0.7913043478260869
0.6368159203980099,0.6022138013562026,0.32608695652173914,0.8990825688073395
0.6479591836734694,0.688031462585034,0.3333333333333333,0.8839285714285714
0.6243983634519076,0.633658059056759,0.33014999564581915,0.8580844356613238
