acc,auc,sensitivity,specificity
0.20833333333333334,0.736842105263158,0.0,1.0
0.11428571428571428,0.8286290322580645,0.0,1.0
0.18840579710144928,0.7706043956043956,0.0,1.0
0.2028985507246377,0.6922077922077923,0.0,1.0
0.15942028985507245,0.7366771159874609,0.0,1.0
0.1746687370600414,0.7529920882641742,0.0,1.0
