acc,auc,sensitivity,specificity
0.7916666666666666,0.5052631578947369,1.0,0.0
0.8857142857142857,0.5866935483870968,1.0,0.0
0.8115942028985508,0.5686813186813187,1.0,0.0
0.7971014492753623,0.5467532467532468,1.0,0.0
0.8405797101449275,0.36050156739811906,1.0,0.0
0.8253312629399586,0.5135785678229036,1.0,0.0
