acc,auc,sensitivity,specificity
0.7243589743589743,0.5918913356657748,0.0,1.0
0.7435897435897436,0.659698275862069,0.0,1.0
0.7307692307692307,0.6706349206349206,0.0,1.0
0.7115384615384616,0.7073073073073073,0.0,1.0
0.7435897435897436,0.7049568965517241,0.0,1.0
0.7307692307692308,0.6668977472043591,0.0,1.0
