acc,auc,sensitivity,specificity
0.7916666666666666,0.607017543859649,1.0,0.0
0.8857142857142857,0.5766129032258064,1.0,0.0
0.8115942028985508,0.5659340659340659,1.0,0.0
0.7971014492753623,0.487012987012987,1.0,0.0
0.8405797101449275,0.5329153605015674,1.0,0.0
0.8253312629399586,0.5538985721068151,1.0,0.0
