acc,auc,sensitivity,specificity
0.7740384615384616,0.851413543721236,0.7142857142857143,0.8205128205128205
0.7931034482758621,0.8687078874355926,0.8390804597701149,0.7586206896551724
0.7183098591549296,0.7700976042590949,0.7142857142857143,0.7217391304347827
0.736318407960199,0.8084363781412046,0.717391304347826,0.7522935779816514
0.7397959183673469,0.8164328231292518,0.7619047619047619,0.7232142857142857
0.7523132190593599,0.823017647337276,0.7493895909188264,0.7552761008597424
