acc,auc,sensitivity,specificity
0.7243589743589743,0.6783288742539618,0.0,1.0
0.7435897435897436,0.6676724137931034,0.0,1.0
0.7307692307692307,0.7930242272347536,0.0,1.0
0.7115384615384616,0.7587587587587586,0.0,1.0
0.7435897435897436,0.7161637931034484,0.0,1.0
0.7307692307692308,0.7227896134288052,0.0,1.0
