acc,auc,sensitivity,specificity
0.20833333333333334,0.7614035087719299,0.0,1.0
0.11428571428571428,0.8508064516129032,0.0,1.0
0.18840579710144928,0.5796703296703296,0.0,1.0
0.2028985507246377,0.6818181818181818,0.0,1.0
0.15942028985507245,0.7304075235109718,0.0,1.0
0.1746687370600414,0.7208211990768632,0.0,1.0
