acc,auc,sensitivity,specificity
0.7243589743589743,0.5912739246758593,0.0,1.0
0.7435897435897436,0.6650862068965517,0.0,1.0
0.7307692307692307,0.6654135338345865,0.0,1.0
0.7115384615384616,0.7023023023023024,0.0,1.0
0.7435897435897436,0.7053879310344826,0.0,1.0
0.7307692307692308,0.6658927797487564,0.0,1.0
