acc,auc,sensitivity,specificity
0.8333333333333334,0.7321637426900585,0.9298245614035088,0.4666666666666667
0.9,0.7943548387096775,1.0,0.125
0.8115942028985508,0.7458791208791209,1.0,0.0
0.7681159420289855,0.6675324675324674,0.9454545454545454,0.07142857142857142
0.8405797101449275,0.7523510971786834,0.9827586206896551,0.09090909090909091
0.8307246376811595,0.7384562533980016,0.9716075455095418,0.1508008658008658
