acc,auc,sensitivity,specificity
0.5625,0.9914529914529914,0.0,1.0
0.5714285714285714,0.963535473642489,0.0,1.0
0.539906103286385,0.9361135758651287,0.0,1.0
0.5422885572139303,0.9635021938571999,0.0,1.0
0.5714285714285714,0.9564200680272109,0.0,1.0
0.5575103606714917,0.962204860569004,0.0,1.0
