acc,auc,sensitivity,specificity
0.5625,0.9865689865689866,0.0,1.0
0.5714285714285714,0.9590764962346413,0.0,1.0
0.539906103286385,0.9322981366459627,0.0,1.0
0.5422885572139303,0.9591144794575189,0.0,1.0
0.5714285714285714,0.9632227891156462,0.0,1.0
0.5575103606714917,0.9600561776045513,0.0,1.0
