acc,auc,sensitivity,specificity
0.7243589743589743,0.5912739246758592,0.0,1.0
0.7435897435897436,0.6685344827586207,0.0,1.0
0.7307692307692307,0.6664578111946533,0.0,1.0
0.7115384615384616,0.7033033033033033,0.0,1.0
0.7435897435897436,0.7064655172413793,0.0,1.0
0.7307692307692308,0.6672070078347632,0.0,1.0
