acc,auc,sensitivity,specificity
0.5625,0.9768009768009768,0.0,1.0
0.5714285714285714,0.9738406658739596,0.0,1.0
0.539906103286385,0.9149068322981367,0.0,1.0
0.5422885572139303,0.9673913043478262,0.0,1.0
0.5714285714285714,0.9426020408163265,0.0,1.0
0.5575103606714917,0.9551083640274453,0.0,1.0
