acc,auc,sensitivity,specificity
0.5625,0.9923922231614539,0.0,1.0
0.5714285714285714,0.963337296868807,0.0,1.0
0.539906103286385,0.925377107364685,0.0,1.0
0.5422885572139303,0.968787395293179,0.0,1.0
0.5714285714285714,0.9623724489795918,0.0,1.0
0.5575103606714917,0.9624532943335433,0.0,1.0
