acc,auc,sensitivity,specificity
0.20833333333333334,0.7146198830409357,0.0,1.0
0.11428571428571428,0.7983870967741935,0.0,1.0
0.18840579710144928,0.6662087912087912,0.0,1.0
0.2028985507246377,0.6454545454545455,0.0,1.0
0.15942028985507245,0.7288401253918495,0.0,1.0
0.1746687370600414,0.7107020883740631,0.0,1.0
