acc,auc,sensitivity,specificity
0.7211538461538461,0.7930872546257162,0.5934065934065934,0.8205128205128205
0.7487684729064039,0.808858501783591,0.7701149425287356,0.7327586206896551
0.6948356807511737,0.7661934338952971,0.5816326530612245,0.7913043478260869
0.7213930348258707,0.7995612285600319,0.6739130434782609,0.7614678899082569
0.7295918367346939,0.8379039115646257,0.6785714285714286,0.7678571428571429
0.7231485742743976,0.8011208660858523,0.6595277322092485,0.7747801643587924
