acc,auc,sensitivity,specificity
0.8012820512820513,0.7625025725457912,0.37209302325581395,0.9646017699115044
0.8141025641025641,0.7793103448275861,0.4,0.9568965517241379
0.8141025641025641,0.8199665831244778,0.42857142857142855,0.956140350877193
0.8012820512820513,0.8450450450450451,0.3333333333333333,0.990990990990991
0.8012820512820513,0.8073275862068966,0.45,0.9224137931034483
0.8064102564102564,0.8028304263499593,0.3967995570321151,0.9582086913214549
