acc,auc,sensitivity,specificity
0.7916666666666666,0.6093567251461989,1.0,0.0
0.8857142857142857,0.6350806451612903,1.0,0.0
0.8115942028985508,0.631868131868132,1.0,0.0
0.7971014492753623,0.5766233766233766,1.0,0.0
0.8405797101449275,0.5407523510971787,1.0,0.0
0.8253312629399586,0.5987362459792352,1.0,0.0
