acc,auc,sensitivity,specificity
0.20833333333333334,0.7497076023391813,0.0,1.0
0.11428571428571428,0.8185483870967742,0.0,1.0
0.18840579710144928,0.6717032967032968,0.0,1.0
0.2028985507246377,0.6805194805194805,0.0,1.0
0.15942028985507245,0.6865203761755485,0.0,1.0
0.1746687370600414,0.7213998285668562,0.0,1.0
