acc,auc,sensitivity,specificity
0.9519230769230769,0.9941767634075326,0.945054945054945,0.9572649572649573
0.9113300492610837,0.9595719381688466,0.9195402298850575,0.9051724137931034
0.8450704225352113,0.923868677905945,0.8367346938775511,0.8521739130434782
0.8855721393034826,0.9482449142401277,0.9565217391304348,0.8256880733944955
0.8724489795918368,0.9323979591836734,0.8571428571428571,0.8839285714285714
0.8932689335229382,0.951652050581225,0.9029988930181689,0.8848455857849211
