acc,auc,sensitivity,specificity
0.9423076923076923,0.9909833755987603,0.945054945054945,0.9401709401709402
0.896551724137931,0.960265556876734,0.9080459770114943,0.8879310344827587
0.8544600938967136,0.9230700976042592,0.8571428571428571,0.8521739130434782
0.8407960199004975,0.9384722776226565,0.8695652173913043,0.8165137614678899
0.8622448979591837,0.9376062925170068,0.8928571428571429,0.8392857142857143
0.8792720856404037,0.9500795200438834,0.8945332278915487,0.8672150726901563
