acc,auc,sensitivity,specificity
0.7916666666666666,0.5543859649122806,1.0,0.0
0.8857142857142857,0.6673387096774194,1.0,0.0
0.8115942028985508,0.6071428571428571,1.0,0.0
0.7971014492753623,0.612987012987013,1.0,0.0
0.8405797101449275,0.5658307210031348,1.0,0.0
0.8253312629399586,0.601537053144541,1.0,0.0
