acc,auc,sensitivity,specificity
0.20833333333333334,0.6690058479532164,0.0,1.0
0.11428571428571428,0.594758064516129,0.0,1.0
0.18840579710144928,0.3516483516483516,0.0,1.0
0.2028985507246377,0.6077922077922078,0.0,1.0
0.15942028985507245,0.5595611285266457,0.0,1.0
0.1746687370600414,0.5565531200873102,0.0,1.0
