acc,auc,sensitivity,specificity
0.75,0.6421052631578946,0.8421052631578947,0.4
0.8285714285714286,0.7116935483870968,0.8870967741935484,0.375
0.8695652173913043,0.7513736263736264,0.9821428571428571,0.38461538461538464
0.7681159420289855,0.648051948051948,0.9090909090909091,0.21428571428571427
0.8115942028985508,0.7053291536050157,0.896551724137931,0.36363636363636365
0.8055693581780539,0.6917107079151164,0.903397505544628,0.3475074925074925
