acc,auc,sensitivity,specificity
0.7307692307692307,0.6750360156410784,0.13953488372093023,0.9557522123893806
0.7371794871794872,0.7189655172413794,0.1,0.9568965517241379
0.7884615384615384,0.7389306599832915,0.30952380952380953,0.9649122807017544
0.7371794871794872,0.7479479479479479,0.2,0.954954954954955
0.782051282051282,0.7497844827586208,0.2,0.9827586206896551
0.7551282051282051,0.7261329247144637,0.18981173864894796,0.9630549240919766
