acc,auc,sensitivity,specificity
0.7243589743589743,0.9127392467585923,0.0,1.0
0.7435897435897436,0.8827586206896552,0.0,1.0
0.7307692307692307,0.9383876357560568,0.0,1.0
0.7115384615384616,0.9055055055055056,0.0,1.0
0.7435897435897436,0.9308189655172414,0.0,1.0
0.7307692307692308,0.9140419948454103,0.0,1.0
