acc,auc,sensitivity,specificity
0.7243589743589743,0.8818686972628114,0.0,1.0
0.7435897435897436,0.8989224137931036,0.0,1.0
0.7307692307692307,0.898078529657477,0.0,1.0
0.7115384615384616,0.8808808808808809,0.0,1.0
0.7435897435897436,0.8816810344827586,0.0,1.0
0.7307692307692308,0.8882863112154062,0.0,1.0
