acc,auc,sensitivity,specificity
0.6634615384615384,0.7097774020850943,0.32967032967032966,0.9230769230769231
0.6059113300492611,0.5726317875544986,0.3793103448275862,0.7758620689655172
0.5539906103286385,0.5963620230700977,0.25510204081632654,0.808695652173913
0.6268656716417911,0.597526924611089,0.33695652173913043,0.8715596330275229
0.6377551020408163,0.6860119047619048,0.32142857142857145,0.875
0.6175968505044092,0.6324620084165369,0.3244935616963888,0.8508388554487751
