acc,auc,sensitivity,specificity
0.20833333333333334,0.7122807017543858,0.0,1.0
0.11428571428571428,0.75,0.0,1.0
0.18840579710144928,0.7527472527472527,0.0,1.0
0.2028985507246377,0.625974025974026,0.0,1.0
0.15942028985507245,0.5971786833855799,0.0,1.0
0.1746687370600414,0.6876361327722489,0.0,1.0
