acc,auc,sensitivity,specificity
0.8076923076923077,0.8966845120691275,0.7802197802197802,0.8290598290598291
0.8029556650246306,0.8804003170828378,0.8620689655172413,0.7586206896551724
0.6807511737089202,0.7508429458740018,0.673469387755102,0.6869565217391305
0.7512437810945274,0.8765456721180694,0.7282608695652174,0.7706422018348624
0.7397959183673469,0.8078231292517006,0.7738095238095238,0.7142857142857143
0.7564877691775466,0.8424593152791473,0.763565705373373,0.7519129913149417
