acc,auc,sensitivity,specificity
0.8910256410256411,0.9127392467585922,0.7441860465116279,0.9469026548672567
0.8782051282051282,0.9282327586206897,0.575,0.9827586206896551
0.8846153846153846,0.9578111946532999,0.7857142857142857,0.9210526315789473
0.8974358974358975,0.9633633633633634,0.7333333333333333,0.963963963963964
0.8910256410256411,0.9181034482758622,0.825,0.9137931034482759
0.8884615384615385,0.9360500023343615,0.7326467331118494,0.9456941949096198
