acc,auc,sensitivity,specificity
0.6201923076923077,0.7288438057668827,0.31868131868131866,0.8547008547008547
0.6305418719211823,0.6949068569163693,0.3793103448275862,0.8189655172413793
0.6244131455399061,0.6670807453416149,0.3673469387755102,0.8434782608695652
0.6069651741293532,0.6628440366972478,0.22826086956521738,0.926605504587156
0.6938775510204082,0.7071641156462585,0.4880952380952381,0.8482142857142857
0.6351980100606315,0.6921679120736746,0.3563389419889741,0.8583928846226483
