acc,auc,sensitivity,specificity
0.7243589743589743,0.8470878781642315,0.0,1.0
0.7435897435897436,0.8342672413793103,0.0,1.0
0.7307692307692307,0.9106098579782791,0.0,1.0
0.7115384615384616,0.91991991991992,0.0,1.0
0.7435897435897436,0.9088362068965516,0.0,1.0
0.7307692307692308,0.8841442208676584,0.0,1.0
