acc,auc,sensitivity,specificity
0.5625,0.9690992767915845,0.0,1.0
0.5714285714285714,0.9130994847403884,0.0,1.0
0.539906103286385,0.8383318544809227,0.0,1.0
0.5422885572139303,0.8413442361388114,0.0,1.0
0.5714285714285714,0.9471726190476191,0.0,1.0
0.5575103606714917,0.9018094942398651,0.0,1.0
