acc,auc,sensitivity,specificity
0.7916666666666666,0.5684210526315789,1.0,0.0
0.8857142857142857,0.6169354838709677,1.0,0.0
0.8115942028985508,0.7967032967032966,1.0,0.0
0.7971014492753623,0.6649350649350649,1.0,0.0
0.8405797101449275,0.6755485893416928,1.0,0.0
0.8253312629399586,0.6645086974965203,1.0,0.0
