acc,auc,sensitivity,specificity
0.7243589743589743,0.9378472936818276,0.0,1.0
0.7435897435897436,0.9351293103448276,0.0,1.0
0.7307692307692307,0.9360902255639098,0.0,1.0
0.7115384615384616,0.9267267267267267,0.0,1.0
0.7435897435897436,0.9338362068965517,0.0,1.0
0.7307692307692308,0.9339259526427688,0.0,1.0
