acc,auc,sensitivity,specificity
0.5625,0.5887104348642811,0.0,1.0
0.5714285714285714,0.6761791518034087,0.0,1.0
0.539906103286385,0.6423247559893523,0.0,1.0
0.5422885572139303,0.5782808137215796,0.0,1.0
0.5714285714285714,0.6575255102040817,0.0,1.0
0.5575103606714917,0.6286041333165406,0.0,1.0
