acc,auc,sensitivity,specificity
0.20833333333333334,0.7812865497076023,0.0,1.0
0.11428571428571428,0.8548387096774194,0.0,1.0
0.18840579710144928,0.581043956043956,0.0,1.0
0.2028985507246377,0.6025974025974026,0.0,1.0
0.15942028985507245,0.664576802507837,0.0,1.0
0.1746687370600414,0.6968686841068436,0.0,1.0
