acc,auc,sensitivity,specificity
0.8269230769230769,0.9127453742838358,0.7802197802197802,0.8632478632478633
0.7733990147783252,0.8195600475624257,0.8160919540229885,0.7413793103448276
0.6572769953051644,0.748447204968944,0.5510204081632653,0.7478260869565218
0.7114427860696517,0.8153171120861588,0.5869565217391305,0.8165137614678899
0.7602040816326531,0.813562925170068,0.7261904761904762,0.7857142857142857
0.7458491909417743,0.8219265328142866,0.6920958280671281,0.7909362615462776
