acc,auc,sensitivity,specificity
0.7243589743589743,0.914385676065034,0.0,1.0
0.7435897435897436,0.9200431034482759,0.0,1.0
0.7307692307692307,0.9559314954051797,0.0,1.0
0.7115384615384616,0.9427427427427427,0.0,1.0
0.7435897435897436,0.940301724137931,0.0,1.0
0.7307692307692308,0.9346809483598326,0.0,1.0
