acc,auc,sensitivity,specificity
0.8846153846153846,0.9232352335871579,0.7674418604651163,0.9292035398230089
0.8974358974358975,0.9530172413793103,0.625,0.9913793103448276
0.9102564102564102,0.9684628237259816,0.8571428571428571,0.9298245614035088
0.9166666666666666,0.9691691691691693,0.7111111111111111,1.0
0.8910256410256411,0.924353448275862,0.7,0.9568965517241379
0.9,0.9476475832274962,0.732139165743817,0.9614607926590967
