acc,auc,sensitivity,specificity
0.5961538461538461,0.727059265520804,0.16483516483516483,0.9316239316239316
0.6157635467980296,0.692826000792707,0.3793103448275862,0.7931034482758621
0.6103286384976526,0.6592724046140195,0.24489795918367346,0.9217391304347826
0.5621890547263682,0.6440965297167929,0.2608695652173913,0.8165137614678899
0.673469387755102,0.7893282312925171,0.44047619047619047,0.8482142857142857
0.6115808947861997,0.7025164863873681,0.29807784490800127,0.8622389115033504
