acc,auc,sensitivity,specificity
0.8782051282051282,0.9162379090347809,0.7674418604651163,0.9203539823008849
0.8717948717948718,0.943103448275862,0.6,0.9655172413793104
0.8846153846153846,0.9603174603174603,0.7380952380952381,0.9385964912280702
0.9038461538461539,0.9745745745745746,0.7111111111111111,0.9819819819819819
0.8846153846153846,0.9090517241379311,0.8,0.9137931034482759
0.8846153846153847,0.9406570232681218,0.7233296419342932,0.9440485600677047
