acc,auc,sensitivity,specificity
0.7916666666666666,0.5485380116959064,1.0,0.0
0.8857142857142857,0.7661290322580645,1.0,0.0
0.8115942028985508,0.6332417582417583,1.0,0.0
0.7971014492753623,0.6012987012987013,1.0,0.0
0.8405797101449275,0.6300940438871474,1.0,0.0
0.8253312629399586,0.6358603094763156,1.0,0.0
