acc,auc,sensitivity,specificity
0.5625,0.990513759744529,0.0,1.0
0.5714285714285714,0.9582837891399127,0.0,1.0
0.539906103286385,0.9339840283939663,0.0,1.0
0.5422885572139303,0.963302752293578,0.0,1.0
0.5714285714285714,0.9570578231292517,0.0,1.0
0.5575103606714917,0.9606284305402475,0.0,1.0
