acc,auc,sensitivity,specificity
0.20833333333333334,0.6678362573099415,0.0,1.0
0.11428571428571428,0.6048387096774194,0.0,1.0
0.18840579710144928,0.3653846153846154,0.0,1.0
0.2028985507246377,0.609090909090909,0.0,1.0
0.15942028985507245,0.554858934169279,0.0,1.0
0.1746687370600414,0.5604018851264329,0.0,1.0
