acc,auc,sensitivity,specificity
0.7916666666666666,0.5029239766081871,1.0,0.0
0.8857142857142857,0.25806451612903225,1.0,0.0
0.8115942028985508,0.5425824175824175,1.0,0.0
0.7971014492753623,0.48311688311688306,1.0,0.0
0.8405797101449275,0.4137931034482759,1.0,0.0
0.8253312629399586,0.4400961793769592,1.0,0.0
