acc,auc,sensitivity,specificity
0.7243589743589743,0.9434039925910681,0.0,1.0
0.7435897435897436,0.9396551724137931,0.0,1.0
0.7307692307692307,0.9548872180451127,0.0,1.0
0.7115384615384616,0.9477477477477477,0.0,1.0
0.7435897435897436,0.9189655172413793,0.0,1.0
0.7307692307692308,0.9409319296078202,0.0,1.0
