acc,auc,sensitivity,specificity
0.7916666666666666,0.43859649122807015,1.0,0.0
0.8857142857142857,0.3407258064516129,1.0,0.0
0.8115942028985508,0.6346153846153846,1.0,0.0
0.7971014492753623,0.5467532467532468,1.0,0.0
0.8405797101449275,0.7053291536050157,1.0,0.0
0.8253312629399586,0.533204016530666,1.0,0.0
