acc,auc,sensitivity,specificity
0.20833333333333334,0.7730994152046783,0.0,1.0
0.11428571428571428,0.6875,0.0,1.0
0.18840579710144928,0.6909340659340659,0.0,1.0
0.2028985507246377,0.6857142857142857,0.0,1.0
0.15942028985507245,0.7084639498432601,0.0,1.0
0.1746687370600414,0.7091423433392581,0.0,1.0
